,dcm_path,gt_path
0,"../DATA/CT_data_batch1/19/DICOM_anon/i0079,0000b.dcm",../DATA/CT_data_batch1/19/Ground/liver_GT_079.png
1,"../DATA/CT_data_batch1/18/DICOM_anon/i0095,0000b.dcm",../DATA/CT_data_batch1/18/Ground/liver_GT_095.png
2,"../DATA/CT_data_batch1/19/DICOM_anon/i0043,0000b.dcm",../DATA/CT_data_batch1/19/Ground/liver_GT_043.png
3,"../DATA/CT_data_batch1/8/DICOM_anon/i0085,0000b.dcm",../DATA/CT_data_batch1/8/Ground/liver_GT_085.png
4,"../DATA/CT_data_batch1/10/DICOM_anon/i0099,0000b.dcm",../DATA/CT_data_batch1/10/Ground/liver_GT_099.png
5,"../DATA/CT_data_batch1/6/DICOM_anon/i0055,0000b.dcm",../DATA/CT_data_batch1/6/Ground/liver_GT_055.png
6,"../DATA/CT_data_batch1/14/DICOM_anon/i0007,0000b.dcm",../DATA/CT_data_batch1/14/Ground/liver_GT_007.png
7,"../DATA/CT_data_batch1/5/DICOM_anon/i0047,0000b.dcm",../DATA/CT_data_batch1/5/Ground/liver_GT_047.png
8,"../DATA/CT_data_batch1/14/DICOM_anon/i0038,0000b.dcm",../DATA/CT_data_batch1/14/Ground/liver_GT_038.png
9,"../DATA/CT_data_batch1/6/DICOM_anon/i0041,0000b.dcm",../DATA/CT_data_batch1/6/Ground/liver_GT_041.png
10,"../DATA/CT_data_batch1/19/DICOM_anon/i0008,0000b.dcm",../DATA/CT_data_batch1/19/Ground/liver_GT_008.png
11,"../DATA/CT_data_batch1/19/DICOM_anon/i0013,0000b.dcm",../DATA/CT_data_batch1/19/Ground/liver_GT_013.png
12,"../DATA/CT_data_batch1/19/DICOM_anon/i0081,0000b.dcm",../DATA/CT_data_batch1/19/Ground/liver_GT_081.png
13,"../DATA/CT_data_batch1/8/DICOM_anon/i0047,0000b.dcm",../DATA/CT_data_batch1/8/Ground/liver_GT_047.png
14,"../DATA/CT_data_batch1/5/DICOM_anon/i0029,0000b.dcm",../DATA/CT_data_batch1/5/Ground/liver_GT_029.png
15,"../DATA/CT_data_batch1/10/DICOM_anon/i0107,0000b.dcm",../DATA/CT_data_batch1/10/Ground/liver_GT_107.png
16,"../DATA/CT_data_batch1/14/DICOM_anon/i0033,0000b.dcm",../DATA/CT_data_batch1/14/Ground/liver_GT_033.png
17,"../DATA/CT_data_batch1/2/DICOM_anon/i0054,0000b.dcm",../DATA/CT_data_batch1/2/Ground/liver_GT_054.png
18,"../DATA/CT_data_batch1/18/DICOM_anon/i0079,0000b.dcm",../DATA/CT_data_batch1/18/Ground/liver_GT_079.png
19,"../DATA/CT_data_batch1/8/DICOM_anon/i0060,0000b.dcm",../DATA/CT_data_batch1/8/Ground/liver_GT_060.png
20,"../DATA/CT_data_batch1/18/DICOM_anon/i0022,0000b.dcm",../DATA/CT_data_batch1/18/Ground/liver_GT_022.png
21,"../DATA/CT_data_batch1/10/DICOM_anon/i0085,0000b.dcm",../DATA/CT_data_batch1/10/Ground/liver_GT_085.png
22,"../DATA/CT_data_batch1/2/DICOM_anon/i0011,0000b.dcm",../DATA/CT_data_batch1/2/Ground/liver_GT_011.png
23,"../DATA/CT_data_batch1/14/DICOM_anon/i0056,0000b.dcm",../DATA/CT_data_batch1/14/Ground/liver_GT_056.png
24,"../DATA/CT_data_batch1/1/DICOM_anon/i0069,0000b.dcm",../DATA/CT_data_batch1/1/Ground/liver_GT_069.png
25,"../DATA/CT_data_batch1/19/DICOM_anon/i0003,0000b.dcm",../DATA/CT_data_batch1/19/Ground/liver_GT_003.png
26,"../DATA/CT_data_batch1/14/DICOM_anon/i0069,0000b.dcm",../DATA/CT_data_batch1/14/Ground/liver_GT_069.png
27,"../DATA/CT_data_batch1/10/DICOM_anon/i0024,0000b.dcm",../DATA/CT_data_batch1/10/Ground/liver_GT_024.png
28,"../DATA/CT_data_batch1/14/DICOM_anon/i0049,0000b.dcm",../DATA/CT_data_batch1/14/Ground/liver_GT_049.png
29,"../DATA/CT_data_batch1/19/DICOM_anon/i0041,0000b.dcm",../DATA/CT_data_batch1/19/Ground/liver_GT_041.png
30,"../DATA/CT_data_batch1/14/DICOM_anon/i0044,0000b.dcm",../DATA/CT_data_batch1/14/Ground/liver_GT_044.png
31,"../DATA/CT_data_batch1/6/DICOM_anon/i0070,0000b.dcm",../DATA/CT_data_batch1/6/Ground/liver_GT_070.png
32,"../DATA/CT_data_batch1/18/DICOM_anon/i0028,0000b.dcm",../DATA/CT_data_batch1/18/Ground/liver_GT_028.png
33,"../DATA/CT_data_batch1/1/DICOM_anon/i0050,0000b.dcm",../DATA/CT_data_batch1/1/Ground/liver_GT_050.png
34,"../DATA/CT_data_batch1/14/DICOM_anon/i0087,0000b.dcm",../DATA/CT_data_batch1/14/Ground/liver_GT_087.png
35,"../DATA/CT_data_batch1/18/DICOM_anon/i0041,0000b.dcm",../DATA/CT_data_batch1/18/Ground/liver_GT_041.png
36,"../DATA/CT_data_batch1/5/DICOM_anon/i0033,0000b.dcm",../DATA/CT_data_batch1/5/Ground/liver_GT_033.png
37,"../DATA/CT_data_batch1/10/DICOM_anon/i0013,0000b.dcm",../DATA/CT_data_batch1/10/Ground/liver_GT_013.png
38,"../DATA/CT_data_batch1/18/DICOM_anon/i0019,0000b.dcm",../DATA/CT_data_batch1/18/Ground/liver_GT_019.png
39,"../DATA/CT_data_batch1/2/DICOM_anon/i0034,0000b.dcm",../DATA/CT_data_batch1/2/Ground/liver_GT_034.png
40,"../DATA/CT_data_batch1/14/DICOM_anon/i0045,0000b.dcm",../DATA/CT_data_batch1/14/Ground/liver_GT_045.png
41,"../DATA/CT_data_batch1/1/DICOM_anon/i0077,0000b.dcm",../DATA/CT_data_batch1/1/Ground/liver_GT_077.png
42,"../DATA/CT_data_batch1/18/DICOM_anon/i0059,0000b.dcm",../DATA/CT_data_batch1/18/Ground/liver_GT_059.png
43,"../DATA/CT_data_batch1/6/DICOM_anon/i0045,0000b.dcm",../DATA/CT_data_batch1/6/Ground/liver_GT_045.png
44,"../DATA/CT_data_batch1/16/DICOM_anon/i0068,0000b.dcm",../DATA/CT_data_batch1/16/Ground/liver_GT_068.png
45,"../DATA/CT_data_batch1/10/DICOM_anon/i0084,0000b.dcm",../DATA/CT_data_batch1/10/Ground/liver_GT_084.png
46,"../DATA/CT_data_batch1/16/DICOM_anon/i0069,0000b.dcm",../DATA/CT_data_batch1/16/Ground/liver_GT_069.png
47,"../DATA/CT_data_batch1/5/DICOM_anon/i0070,0000b.dcm",../DATA/CT_data_batch1/5/Ground/liver_GT_070.png
48,"../DATA/CT_data_batch1/8/DICOM_anon/i0043,0000b.dcm",../DATA/CT_data_batch1/8/Ground/liver_GT_043.png
49,"../DATA/CT_data_batch1/14/DICOM_anon/i0053,0000b.dcm",../DATA/CT_data_batch1/14/Ground/liver_GT_053.png
50,"../DATA/CT_data_batch1/19/DICOM_anon/i0045,0000b.dcm",../DATA/CT_data_batch1/19/Ground/liver_GT_045.png
51,"../DATA/CT_data_batch1/1/DICOM_anon/i0044,0000b.dcm",../DATA/CT_data_batch1/1/Ground/liver_GT_044.png
52,"../DATA/CT_data_batch1/10/DICOM_anon/i0102,0000b.dcm",../DATA/CT_data_batch1/10/Ground/liver_GT_102.png
53,"../DATA/CT_data_batch1/5/DICOM_anon/i0032,0000b.dcm",../DATA/CT_data_batch1/5/Ground/liver_GT_032.png
54,"../DATA/CT_data_batch1/14/DICOM_anon/i0048,0000b.dcm",../DATA/CT_data_batch1/14/Ground/liver_GT_048.png
55,"../DATA/CT_data_batch1/14/DICOM_anon/i0031,0000b.dcm",../DATA/CT_data_batch1/14/Ground/liver_GT_031.png
56,"../DATA/CT_data_batch1/10/DICOM_anon/i0008,0000b.dcm",../DATA/CT_data_batch1/10/Ground/liver_GT_008.png
57,"../DATA/CT_data_batch1/5/DICOM_anon/i0018,0000b.dcm",../DATA/CT_data_batch1/5/Ground/liver_GT_018.png
58,"../DATA/CT_data_batch1/5/DICOM_anon/i0094,0000b.dcm",../DATA/CT_data_batch1/5/Ground/liver_GT_094.png
59,"../DATA/CT_data_batch1/14/DICOM_anon/i0009,0000b.dcm",../DATA/CT_data_batch1/14/Ground/liver_GT_009.png
60,"../DATA/CT_data_batch1/2/DICOM_anon/i0014,0000b.dcm",../DATA/CT_data_batch1/2/Ground/liver_GT_014.png
61,"../DATA/CT_data_batch1/2/DICOM_anon/i0072,0000b.dcm",../DATA/CT_data_batch1/2/Ground/liver_GT_072.png
62,"../DATA/CT_data_batch1/1/DICOM_anon/i0008,0000b.dcm",../DATA/CT_data_batch1/1/Ground/liver_GT_008.png
63,"../DATA/CT_data_batch1/5/DICOM_anon/i0067,0000b.dcm",../DATA/CT_data_batch1/5/Ground/liver_GT_067.png
64,"../DATA/CT_data_batch1/5/DICOM_anon/i0087,0000b.dcm",../DATA/CT_data_batch1/5/Ground/liver_GT_087.png
65,"../DATA/CT_data_batch1/1/DICOM_anon/i0013,0000b.dcm",../DATA/CT_data_batch1/1/Ground/liver_GT_013.png
66,"../DATA/CT_data_batch1/5/DICOM_anon/i0024,0000b.dcm",../DATA/CT_data_batch1/5/Ground/liver_GT_024.png
67,"../DATA/CT_data_batch1/6/DICOM_anon/i0074,0000b.dcm",../DATA/CT_data_batch1/6/Ground/liver_GT_074.png
68,"../DATA/CT_data_batch1/5/DICOM_anon/i0069,0000b.dcm",../DATA/CT_data_batch1/5/Ground/liver_GT_069.png
69,"../DATA/CT_data_batch1/16/DICOM_anon/i0086,0000b.dcm",../DATA/CT_data_batch1/16/Ground/liver_GT_086.png
70,"../DATA/CT_data_batch1/8/DICOM_anon/i0096,0000b.dcm",../DATA/CT_data_batch1/8/Ground/liver_GT_096.png
71,"../DATA/CT_data_batch1/10/DICOM_anon/i0060,0000b.dcm",../DATA/CT_data_batch1/10/Ground/liver_GT_060.png
72,"../DATA/CT_data_batch1/16/DICOM_anon/i0057,0000b.dcm",../DATA/CT_data_batch1/16/Ground/liver_GT_057.png
73,"../DATA/CT_data_batch1/19/DICOM_anon/i0080,0000b.dcm",../DATA/CT_data_batch1/19/Ground/liver_GT_080.png
74,"../DATA/CT_data_batch1/1/DICOM_anon/i0063,0000b.dcm",../DATA/CT_data_batch1/1/Ground/liver_GT_063.png
75,"../DATA/CT_data_batch1/6/DICOM_anon/i0066,0000b.dcm",../DATA/CT_data_batch1/6/Ground/liver_GT_066.png
76,"../DATA/CT_data_batch1/5/DICOM_anon/i0092,0000b.dcm",../DATA/CT_data_batch1/5/Ground/liver_GT_092.png
77,"../DATA/CT_data_batch1/16/DICOM_anon/i0035,0000b.dcm",../DATA/CT_data_batch1/16/Ground/liver_GT_035.png
78,"../DATA/CT_data_batch1/14/DICOM_anon/i0046,0000b.dcm",../DATA/CT_data_batch1/14/Ground/liver_GT_046.png
79,"../DATA/CT_data_batch1/5/DICOM_anon/i0035,0000b.dcm",../DATA/CT_data_batch1/5/Ground/liver_GT_035.png
80,"../DATA/CT_data_batch1/18/DICOM_anon/i0034,0000b.dcm",../DATA/CT_data_batch1/18/Ground/liver_GT_034.png
81,"../DATA/CT_data_batch1/5/DICOM_anon/i0021,0000b.dcm",../DATA/CT_data_batch1/5/Ground/liver_GT_021.png
82,"../DATA/CT_data_batch1/14/DICOM_anon/i0073,0000b.dcm",../DATA/CT_data_batch1/14/Ground/liver_GT_073.png
83,"../DATA/CT_data_batch1/10/DICOM_anon/i0010,0000b.dcm",../DATA/CT_data_batch1/10/Ground/liver_GT_010.png
84,"../DATA/CT_data_batch1/18/DICOM_anon/i0084,0000b.dcm",../DATA/CT_data_batch1/18/Ground/liver_GT_084.png
85,"../DATA/CT_data_batch1/18/DICOM_anon/i0087,0000b.dcm",../DATA/CT_data_batch1/18/Ground/liver_GT_087.png
86,"../DATA/CT_data_batch1/6/DICOM_anon/i0048,0000b.dcm",../DATA/CT_data_batch1/6/Ground/liver_GT_048.png
87,"../DATA/CT_data_batch1/6/DICOM_anon/i0036,0000b.dcm",../DATA/CT_data_batch1/6/Ground/liver_GT_036.png
88,"../DATA/CT_data_batch1/10/DICOM_anon/i0073,0000b.dcm",../DATA/CT_data_batch1/10/Ground/liver_GT_073.png
89,"../DATA/CT_data_batch1/19/DICOM_anon/i0011,0000b.dcm",../DATA/CT_data_batch1/19/Ground/liver_GT_011.png
90,"../DATA/CT_data_batch1/18/DICOM_anon/i0046,0000b.dcm",../DATA/CT_data_batch1/18/Ground/liver_GT_046.png
91,"../DATA/CT_data_batch1/10/DICOM_anon/i0070,0000b.dcm",../DATA/CT_data_batch1/10/Ground/liver_GT_070.png
92,"../DATA/CT_data_batch1/8/DICOM_anon/i0033,0000b.dcm",../DATA/CT_data_batch1/8/Ground/liver_GT_033.png
93,"../DATA/CT_data_batch1/1/DICOM_anon/i0005,0000b.dcm",../DATA/CT_data_batch1/1/Ground/liver_GT_005.png
94,"../DATA/CT_data_batch1/16/DICOM_anon/i0004,0000b.dcm",../DATA/CT_data_batch1/16/Ground/liver_GT_004.png
95,"../DATA/CT_data_batch1/8/DICOM_anon/i0099,0000b.dcm",../DATA/CT_data_batch1/8/Ground/liver_GT_099.png
96,"../DATA/CT_data_batch1/14/DICOM_anon/i0092,0000b.dcm",../DATA/CT_data_batch1/14/Ground/liver_GT_092.png
97,"../DATA/CT_data_batch1/1/DICOM_anon/i0089,0000b.dcm",../DATA/CT_data_batch1/1/Ground/liver_GT_089.png
98,"../DATA/CT_data_batch1/19/DICOM_anon/i0087,0000b.dcm",../DATA/CT_data_batch1/19/Ground/liver_GT_087.png
99,"../DATA/CT_data_batch1/16/DICOM_anon/i0051,0000b.dcm",../DATA/CT_data_batch1/16/Ground/liver_GT_051.png
100,"../DATA/CT_data_batch1/1/DICOM_anon/i0026,0000b.dcm",../DATA/CT_data_batch1/1/Ground/liver_GT_026.png
101,"../DATA/CT_data_batch1/1/DICOM_anon/i0066,0000b.dcm",../DATA/CT_data_batch1/1/Ground/liver_GT_066.png
102,"../DATA/CT_data_batch1/10/DICOM_anon/i0011,0000b.dcm",../DATA/CT_data_batch1/10/Ground/liver_GT_011.png
103,"../DATA/CT_data_batch1/1/DICOM_anon/i0087,0000b.dcm",../DATA/CT_data_batch1/1/Ground/liver_GT_087.png
104,"../DATA/CT_data_batch1/5/DICOM_anon/i0055,0000b.dcm",../DATA/CT_data_batch1/5/Ground/liver_GT_055.png
105,"../DATA/CT_data_batch1/5/DICOM_anon/i0002,0000b.dcm",../DATA/CT_data_batch1/5/Ground/liver_GT_002.png
106,"../DATA/CT_data_batch1/6/DICOM_anon/i0019,0000b.dcm",../DATA/CT_data_batch1/6/Ground/liver_GT_019.png
107,"../DATA/CT_data_batch1/6/DICOM_anon/i0083,0000b.dcm",../DATA/CT_data_batch1/6/Ground/liver_GT_083.png
108,"../DATA/CT_data_batch1/8/DICOM_anon/i0088,0000b.dcm",../DATA/CT_data_batch1/8/Ground/liver_GT_088.png
109,"../DATA/CT_data_batch1/18/DICOM_anon/i0045,0000b.dcm",../DATA/CT_data_batch1/18/Ground/liver_GT_045.png
110,"../DATA/CT_data_batch1/6/DICOM_anon/i0011,0000b.dcm",../DATA/CT_data_batch1/6/Ground/liver_GT_011.png
111,"../DATA/CT_data_batch1/16/DICOM_anon/i0010,0000b.dcm",../DATA/CT_data_batch1/16/Ground/liver_GT_010.png
112,"../DATA/CT_data_batch1/5/DICOM_anon/i0085,0000b.dcm",../DATA/CT_data_batch1/5/Ground/liver_GT_085.png
113,"../DATA/CT_data_batch1/18/DICOM_anon/i0020,0000b.dcm",../DATA/CT_data_batch1/18/Ground/liver_GT_020.png
114,"../DATA/CT_data_batch1/2/DICOM_anon/i0059,0000b.dcm",../DATA/CT_data_batch1/2/Ground/liver_GT_059.png
115,"../DATA/CT_data_batch1/16/DICOM_anon/i0073,0000b.dcm",../DATA/CT_data_batch1/16/Ground/liver_GT_073.png
116,"../DATA/CT_data_batch1/16/DICOM_anon/i0085,0000b.dcm",../DATA/CT_data_batch1/16/Ground/liver_GT_085.png
117,"../DATA/CT_data_batch1/10/DICOM_anon/i0015,0000b.dcm",../DATA/CT_data_batch1/10/Ground/liver_GT_015.png
118,"../DATA/CT_data_batch1/10/DICOM_anon/i0109,0000b.dcm",../DATA/CT_data_batch1/10/Ground/liver_GT_109.png
119,"../DATA/CT_data_batch1/10/DICOM_anon/i0078,0000b.dcm",../DATA/CT_data_batch1/10/Ground/liver_GT_078.png
120,"../DATA/CT_data_batch1/2/DICOM_anon/i0033,0000b.dcm",../DATA/CT_data_batch1/2/Ground/liver_GT_033.png
121,"../DATA/CT_data_batch1/6/DICOM_anon/i0023,0000b.dcm",../DATA/CT_data_batch1/6/Ground/liver_GT_023.png
122,"../DATA/CT_data_batch1/10/DICOM_anon/i0012,0000b.dcm",../DATA/CT_data_batch1/10/Ground/liver_GT_012.png
123,"../DATA/CT_data_batch1/19/DICOM_anon/i0077,0000b.dcm",../DATA/CT_data_batch1/19/Ground/liver_GT_077.png
124,"../DATA/CT_data_batch1/18/DICOM_anon/i0077,0000b.dcm",../DATA/CT_data_batch1/18/Ground/liver_GT_077.png
125,"../DATA/CT_data_batch1/10/DICOM_anon/i0092,0000b.dcm",../DATA/CT_data_batch1/10/Ground/liver_GT_092.png
126,"../DATA/CT_data_batch1/1/DICOM_anon/i0045,0000b.dcm",../DATA/CT_data_batch1/1/Ground/liver_GT_045.png
127,"../DATA/CT_data_batch1/1/DICOM_anon/i0020,0000b.dcm",../DATA/CT_data_batch1/1/Ground/liver_GT_020.png
128,"../DATA/CT_data_batch1/8/DICOM_anon/i0076,0000b.dcm",../DATA/CT_data_batch1/8/Ground/liver_GT_076.png
129,"../DATA/CT_data_batch1/16/DICOM_anon/i0061,0000b.dcm",../DATA/CT_data_batch1/16/Ground/liver_GT_061.png
130,"../DATA/CT_data_batch1/8/DICOM_anon/i0000,0000b.dcm",../DATA/CT_data_batch1/8/Ground/liver_GT_000.png
131,"../DATA/CT_data_batch1/5/DICOM_anon/i0023,0000b.dcm",../DATA/CT_data_batch1/5/Ground/liver_GT_023.png
132,"../DATA/CT_data_batch1/8/DICOM_anon/i0083,0000b.dcm",../DATA/CT_data_batch1/8/Ground/liver_GT_083.png
133,"../DATA/CT_data_batch1/19/DICOM_anon/i0053,0000b.dcm",../DATA/CT_data_batch1/19/Ground/liver_GT_053.png
134,"../DATA/CT_data_batch1/1/DICOM_anon/i0060,0000b.dcm",../DATA/CT_data_batch1/1/Ground/liver_GT_060.png
135,"../DATA/CT_data_batch1/16/DICOM_anon/i0076,0000b.dcm",../DATA/CT_data_batch1/16/Ground/liver_GT_076.png
136,"../DATA/CT_data_batch1/6/DICOM_anon/i0021,0000b.dcm",../DATA/CT_data_batch1/6/Ground/liver_GT_021.png
137,"../DATA/CT_data_batch1/14/DICOM_anon/i0066,0000b.dcm",../DATA/CT_data_batch1/14/Ground/liver_GT_066.png
138,"../DATA/CT_data_batch1/14/DICOM_anon/i0027,0000b.dcm",../DATA/CT_data_batch1/14/Ground/liver_GT_027.png
139,"../DATA/CT_data_batch1/14/DICOM_anon/i0059,0000b.dcm",../DATA/CT_data_batch1/14/Ground/liver_GT_059.png
140,"../DATA/CT_data_batch1/8/DICOM_anon/i0029,0000b.dcm",../DATA/CT_data_batch1/8/Ground/liver_GT_029.png
141,"../DATA/CT_data_batch1/18/DICOM_anon/i0040,0000b.dcm",../DATA/CT_data_batch1/18/Ground/liver_GT_040.png
142,"../DATA/CT_data_batch1/19/DICOM_anon/i0027,0000b.dcm",../DATA/CT_data_batch1/19/Ground/liver_GT_027.png
143,"../DATA/CT_data_batch1/2/DICOM_anon/i0031,0000b.dcm",../DATA/CT_data_batch1/2/Ground/liver_GT_031.png
144,"../DATA/CT_data_batch1/18/DICOM_anon/i0072,0000b.dcm",../DATA/CT_data_batch1/18/Ground/liver_GT_072.png
145,"../DATA/CT_data_batch1/19/DICOM_anon/i0069,0000b.dcm",../DATA/CT_data_batch1/19/Ground/liver_GT_069.png
146,"../DATA/CT_data_batch1/8/DICOM_anon/i0110,0000b.dcm",../DATA/CT_data_batch1/8/Ground/liver_GT_110.png
147,"../DATA/CT_data_batch1/14/DICOM_anon/i0093,0000b.dcm",../DATA/CT_data_batch1/14/Ground/liver_GT_093.png
148,"../DATA/CT_data_batch1/1/DICOM_anon/i0082,0000b.dcm",../DATA/CT_data_batch1/1/Ground/liver_GT_082.png
149,"../DATA/CT_data_batch1/6/DICOM_anon/i0031,0000b.dcm",../DATA/CT_data_batch1/6/Ground/liver_GT_031.png
150,"../DATA/CT_data_batch1/10/DICOM_anon/i0063,0000b.dcm",../DATA/CT_data_batch1/10/Ground/liver_GT_063.png
151,"../DATA/CT_data_batch1/18/DICOM_anon/i0015,0000b.dcm",../DATA/CT_data_batch1/18/Ground/liver_GT_015.png
152,"../DATA/CT_data_batch1/2/DICOM_anon/i0021,0000b.dcm",../DATA/CT_data_batch1/2/Ground/liver_GT_021.png
153,"../DATA/CT_data_batch1/16/DICOM_anon/i0039,0000b.dcm",../DATA/CT_data_batch1/16/Ground/liver_GT_039.png
154,"../DATA/CT_data_batch1/18/DICOM_anon/i0105,0000b.dcm",../DATA/CT_data_batch1/18/Ground/liver_GT_105.png
155,"../DATA/CT_data_batch1/18/DICOM_anon/i0038,0000b.dcm",../DATA/CT_data_batch1/18/Ground/liver_GT_038.png
156,"../DATA/CT_data_batch1/14/DICOM_anon/i0023,0000b.dcm",../DATA/CT_data_batch1/14/Ground/liver_GT_023.png
157,"../DATA/CT_data_batch1/1/DICOM_anon/i0027,0000b.dcm",../DATA/CT_data_batch1/1/Ground/liver_GT_027.png
158,"../DATA/CT_data_batch1/8/DICOM_anon/i0028,0000b.dcm",../DATA/CT_data_batch1/8/Ground/liver_GT_028.png
159,"../DATA/CT_data_batch1/14/DICOM_anon/i0001,0000b.dcm",../DATA/CT_data_batch1/14/Ground/liver_GT_001.png
160,"../DATA/CT_data_batch1/10/DICOM_anon/i0096,0000b.dcm",../DATA/CT_data_batch1/10/Ground/liver_GT_096.png
161,"../DATA/CT_data_batch1/6/DICOM_anon/i0007,0000b.dcm",../DATA/CT_data_batch1/6/Ground/liver_GT_007.png
162,"../DATA/CT_data_batch1/2/DICOM_anon/i0012,0000b.dcm",../DATA/CT_data_batch1/2/Ground/liver_GT_012.png
163,"../DATA/CT_data_batch1/10/DICOM_anon/i0100,0000b.dcm",../DATA/CT_data_batch1/10/Ground/liver_GT_100.png
164,"../DATA/CT_data_batch1/19/DICOM_anon/i0016,0000b.dcm",../DATA/CT_data_batch1/19/Ground/liver_GT_016.png
165,"../DATA/CT_data_batch1/19/DICOM_anon/i0034,0000b.dcm",../DATA/CT_data_batch1/19/Ground/liver_GT_034.png
166,"../DATA/CT_data_batch1/2/DICOM_anon/i0062,0000b.dcm",../DATA/CT_data_batch1/2/Ground/liver_GT_062.png
167,"../DATA/CT_data_batch1/14/DICOM_anon/i0091,0000b.dcm",../DATA/CT_data_batch1/14/Ground/liver_GT_091.png
168,"../DATA/CT_data_batch1/18/DICOM_anon/i0104,0000b.dcm",../DATA/CT_data_batch1/18/Ground/liver_GT_104.png
169,"../DATA/CT_data_batch1/8/DICOM_anon/i0093,0000b.dcm",../DATA/CT_data_batch1/8/Ground/liver_GT_093.png
170,"../DATA/CT_data_batch1/1/DICOM_anon/i0025,0000b.dcm",../DATA/CT_data_batch1/1/Ground/liver_GT_025.png
171,"../DATA/CT_data_batch1/10/DICOM_anon/i0007,0000b.dcm",../DATA/CT_data_batch1/10/Ground/liver_GT_007.png
172,"../DATA/CT_data_batch1/5/DICOM_anon/i0078,0000b.dcm",../DATA/CT_data_batch1/5/Ground/liver_GT_078.png
173,"../DATA/CT_data_batch1/2/DICOM_anon/i0051,0000b.dcm",../DATA/CT_data_batch1/2/Ground/liver_GT_051.png
174,"../DATA/CT_data_batch1/1/DICOM_anon/i0068,0000b.dcm",../DATA/CT_data_batch1/1/Ground/liver_GT_068.png
175,"../DATA/CT_data_batch1/2/DICOM_anon/i0024,0000b.dcm",../DATA/CT_data_batch1/2/Ground/liver_GT_024.png
176,"../DATA/CT_data_batch1/18/DICOM_anon/i0050,0000b.dcm",../DATA/CT_data_batch1/18/Ground/liver_GT_050.png
177,"../DATA/CT_data_batch1/16/DICOM_anon/i0005,0000b.dcm",../DATA/CT_data_batch1/16/Ground/liver_GT_005.png
178,"../DATA/CT_data_batch1/6/DICOM_anon/i0034,0000b.dcm",../DATA/CT_data_batch1/6/Ground/liver_GT_034.png
179,"../DATA/CT_data_batch1/1/DICOM_anon/i0053,0000b.dcm",../DATA/CT_data_batch1/1/Ground/liver_GT_053.png
180,"../DATA/CT_data_batch1/2/DICOM_anon/i0032,0000b.dcm",../DATA/CT_data_batch1/2/Ground/liver_GT_032.png
181,"../DATA/CT_data_batch1/18/DICOM_anon/i0030,0000b.dcm",../DATA/CT_data_batch1/18/Ground/liver_GT_030.png
182,"../DATA/CT_data_batch1/18/DICOM_anon/i0029,0000b.dcm",../DATA/CT_data_batch1/18/Ground/liver_GT_029.png
183,"../DATA/CT_data_batch1/1/DICOM_anon/i0092,0000b.dcm",../DATA/CT_data_batch1/1/Ground/liver_GT_092.png
184,"../DATA/CT_data_batch1/14/DICOM_anon/i0071,0000b.dcm",../DATA/CT_data_batch1/14/Ground/liver_GT_071.png
185,"../DATA/CT_data_batch1/8/DICOM_anon/i0121,0000b.dcm",../DATA/CT_data_batch1/8/Ground/liver_GT_121.png
186,"../DATA/CT_data_batch1/1/DICOM_anon/i0047,0000b.dcm",../DATA/CT_data_batch1/1/Ground/liver_GT_047.png
187,"../DATA/CT_data_batch1/14/DICOM_anon/i0034,0000b.dcm",../DATA/CT_data_batch1/14/Ground/liver_GT_034.png
188,"../DATA/CT_data_batch1/18/DICOM_anon/i0053,0000b.dcm",../DATA/CT_data_batch1/18/Ground/liver_GT_053.png
189,"../DATA/CT_data_batch1/19/DICOM_anon/i0040,0000b.dcm",../DATA/CT_data_batch1/19/Ground/liver_GT_040.png
190,"../DATA/CT_data_batch1/5/DICOM_anon/i0075,0000b.dcm",../DATA/CT_data_batch1/5/Ground/liver_GT_075.png
191,"../DATA/CT_data_batch1/5/DICOM_anon/i0051,0000b.dcm",../DATA/CT_data_batch1/5/Ground/liver_GT_051.png
192,"../DATA/CT_data_batch1/16/DICOM_anon/i0040,0000b.dcm",../DATA/CT_data_batch1/16/Ground/liver_GT_040.png
193,"../DATA/CT_data_batch1/18/DICOM_anon/i0075,0000b.dcm",../DATA/CT_data_batch1/18/Ground/liver_GT_075.png
194,"../DATA/CT_data_batch1/10/DICOM_anon/i0004,0000b.dcm",../DATA/CT_data_batch1/10/Ground/liver_GT_004.png
195,"../DATA/CT_data_batch1/16/DICOM_anon/i0088,0000b.dcm",../DATA/CT_data_batch1/16/Ground/liver_GT_088.png
196,"../DATA/CT_data_batch1/6/DICOM_anon/i0010,0000b.dcm",../DATA/CT_data_batch1/6/Ground/liver_GT_010.png
197,"../DATA/CT_data_batch1/18/DICOM_anon/i0062,0000b.dcm",../DATA/CT_data_batch1/18/Ground/liver_GT_062.png
198,"../DATA/CT_data_batch1/1/DICOM_anon/i0075,0000b.dcm",../DATA/CT_data_batch1/1/Ground/liver_GT_075.png
199,"../DATA/CT_data_batch1/14/DICOM_anon/i0018,0000b.dcm",../DATA/CT_data_batch1/14/Ground/liver_GT_018.png
200,"../DATA/CT_data_batch1/1/DICOM_anon/i0067,0000b.dcm",../DATA/CT_data_batch1/1/Ground/liver_GT_067.png
201,"../DATA/CT_data_batch1/2/DICOM_anon/i0080,0000b.dcm",../DATA/CT_data_batch1/2/Ground/liver_GT_080.png
202,"../DATA/CT_data_batch1/18/DICOM_anon/i0032,0000b.dcm",../DATA/CT_data_batch1/18/Ground/liver_GT_032.png
203,"../DATA/CT_data_batch1/14/DICOM_anon/i0013,0000b.dcm",../DATA/CT_data_batch1/14/Ground/liver_GT_013.png
204,"../DATA/CT_data_batch1/6/DICOM_anon/i0046,0000b.dcm",../DATA/CT_data_batch1/6/Ground/liver_GT_046.png
205,"../DATA/CT_data_batch1/8/DICOM_anon/i0050,0000b.dcm",../DATA/CT_data_batch1/8/Ground/liver_GT_050.png
206,"../DATA/CT_data_batch1/18/DICOM_anon/i0073,0000b.dcm",../DATA/CT_data_batch1/18/Ground/liver_GT_073.png
207,"../DATA/CT_data_batch1/2/DICOM_anon/i0050,0000b.dcm",../DATA/CT_data_batch1/2/Ground/liver_GT_050.png
208,"../DATA/CT_data_batch1/18/DICOM_anon/i0005,0000b.dcm",../DATA/CT_data_batch1/18/Ground/liver_GT_005.png
209,"../DATA/CT_data_batch1/16/DICOM_anon/i0037,0000b.dcm",../DATA/CT_data_batch1/16/Ground/liver_GT_037.png
210,"../DATA/CT_data_batch1/18/DICOM_anon/i0101,0000b.dcm",../DATA/CT_data_batch1/18/Ground/liver_GT_101.png
211,"../DATA/CT_data_batch1/10/DICOM_anon/i0045,0000b.dcm",../DATA/CT_data_batch1/10/Ground/liver_GT_045.png
212,"../DATA/CT_data_batch1/16/DICOM_anon/i0084,0000b.dcm",../DATA/CT_data_batch1/16/Ground/liver_GT_084.png
213,"../DATA/CT_data_batch1/10/DICOM_anon/i0002,0000b.dcm",../DATA/CT_data_batch1/10/Ground/liver_GT_002.png
214,"../DATA/CT_data_batch1/8/DICOM_anon/i0040,0000b.dcm",../DATA/CT_data_batch1/8/Ground/liver_GT_040.png
215,"../DATA/CT_data_batch1/1/DICOM_anon/i0084,0000b.dcm",../DATA/CT_data_batch1/1/Ground/liver_GT_084.png
216,"../DATA/CT_data_batch1/5/DICOM_anon/i0072,0000b.dcm",../DATA/CT_data_batch1/5/Ground/liver_GT_072.png
217,"../DATA/CT_data_batch1/16/DICOM_anon/i0007,0000b.dcm",../DATA/CT_data_batch1/16/Ground/liver_GT_007.png
218,"../DATA/CT_data_batch1/16/DICOM_anon/i0083,0000b.dcm",../DATA/CT_data_batch1/16/Ground/liver_GT_083.png
219,"../DATA/CT_data_batch1/18/DICOM_anon/i0092,0000b.dcm",../DATA/CT_data_batch1/18/Ground/liver_GT_092.png
220,"../DATA/CT_data_batch1/8/DICOM_anon/i0069,0000b.dcm",../DATA/CT_data_batch1/8/Ground/liver_GT_069.png
221,"../DATA/CT_data_batch1/2/DICOM_anon/i0060,0000b.dcm",../DATA/CT_data_batch1/2/Ground/liver_GT_060.png
222,"../DATA/CT_data_batch1/16/DICOM_anon/i0072,0000b.dcm",../DATA/CT_data_batch1/16/Ground/liver_GT_072.png
223,"../DATA/CT_data_batch1/14/DICOM_anon/i0022,0000b.dcm",../DATA/CT_data_batch1/14/Ground/liver_GT_022.png
224,"../DATA/CT_data_batch1/6/DICOM_anon/i0013,0000b.dcm",../DATA/CT_data_batch1/6/Ground/liver_GT_013.png
225,"../DATA/CT_data_batch1/14/DICOM_anon/i0081,0000b.dcm",../DATA/CT_data_batch1/14/Ground/liver_GT_081.png
226,"../DATA/CT_data_batch1/1/DICOM_anon/i0012,0000b.dcm",../DATA/CT_data_batch1/1/Ground/liver_GT_012.png
227,"../DATA/CT_data_batch1/19/DICOM_anon/i0000,0000b.dcm",../DATA/CT_data_batch1/19/Ground/liver_GT_000.png
228,"../DATA/CT_data_batch1/18/DICOM_anon/i0076,0000b.dcm",../DATA/CT_data_batch1/18/Ground/liver_GT_076.png
229,"../DATA/CT_data_batch1/10/DICOM_anon/i0026,0000b.dcm",../DATA/CT_data_batch1/10/Ground/liver_GT_026.png
230,"../DATA/CT_data_batch1/10/DICOM_anon/i0019,0000b.dcm",../DATA/CT_data_batch1/10/Ground/liver_GT_019.png
231,"../DATA/CT_data_batch1/8/DICOM_anon/i0112,0000b.dcm",../DATA/CT_data_batch1/8/Ground/liver_GT_112.png
232,"../DATA/CT_data_batch1/10/DICOM_anon/i0075,0000b.dcm",../DATA/CT_data_batch1/10/Ground/liver_GT_075.png
233,"../DATA/CT_data_batch1/10/DICOM_anon/i0054,0000b.dcm",../DATA/CT_data_batch1/10/Ground/liver_GT_054.png
234,"../DATA/CT_data_batch1/19/DICOM_anon/i0038,0000b.dcm",../DATA/CT_data_batch1/19/Ground/liver_GT_038.png
235,"../DATA/CT_data_batch1/1/DICOM_anon/i0083,0000b.dcm",../DATA/CT_data_batch1/1/Ground/liver_GT_083.png
236,"../DATA/CT_data_batch1/16/DICOM_anon/i0009,0000b.dcm",../DATA/CT_data_batch1/16/Ground/liver_GT_009.png
237,"../DATA/CT_data_batch1/2/DICOM_anon/i0000,0000b.dcm",../DATA/CT_data_batch1/2/Ground/liver_GT_000.png
238,"../DATA/CT_data_batch1/5/DICOM_anon/i0090,0000b.dcm",../DATA/CT_data_batch1/5/Ground/liver_GT_090.png
239,"../DATA/CT_data_batch1/18/DICOM_anon/i0014,0000b.dcm",../DATA/CT_data_batch1/18/Ground/liver_GT_014.png
240,"../DATA/CT_data_batch1/16/DICOM_anon/i0079,0000b.dcm",../DATA/CT_data_batch1/16/Ground/liver_GT_079.png
241,"../DATA/CT_data_batch1/5/DICOM_anon/i0041,0000b.dcm",../DATA/CT_data_batch1/5/Ground/liver_GT_041.png
242,"../DATA/CT_data_batch1/8/DICOM_anon/i0091,0000b.dcm",../DATA/CT_data_batch1/8/Ground/liver_GT_091.png
243,"../DATA/CT_data_batch1/10/DICOM_anon/i0074,0000b.dcm",../DATA/CT_data_batch1/10/Ground/liver_GT_074.png
244,"../DATA/CT_data_batch1/16/DICOM_anon/i0042,0000b.dcm",../DATA/CT_data_batch1/16/Ground/liver_GT_042.png
245,"../DATA/CT_data_batch1/8/DICOM_anon/i0120,0000b.dcm",../DATA/CT_data_batch1/8/Ground/liver_GT_120.png
246,"../DATA/CT_data_batch1/16/DICOM_anon/i0021,0000b.dcm",../DATA/CT_data_batch1/16/Ground/liver_GT_021.png
247,"../DATA/CT_data_batch1/16/DICOM_anon/i0044,0000b.dcm",../DATA/CT_data_batch1/16/Ground/liver_GT_044.png
248,"../DATA/CT_data_batch1/18/DICOM_anon/i0068,0000b.dcm",../DATA/CT_data_batch1/18/Ground/liver_GT_068.png
249,"../DATA/CT_data_batch1/14/DICOM_anon/i0039,0000b.dcm",../DATA/CT_data_batch1/14/Ground/liver_GT_039.png
250,"../DATA/CT_data_batch1/1/DICOM_anon/i0034,0000b.dcm",../DATA/CT_data_batch1/1/Ground/liver_GT_034.png
251,"../DATA/CT_data_batch1/10/DICOM_anon/i0048,0000b.dcm",../DATA/CT_data_batch1/10/Ground/liver_GT_048.png
252,"../DATA/CT_data_batch1/5/DICOM_anon/i0040,0000b.dcm",../DATA/CT_data_batch1/5/Ground/liver_GT_040.png
253,"../DATA/CT_data_batch1/16/DICOM_anon/i0066,0000b.dcm",../DATA/CT_data_batch1/16/Ground/liver_GT_066.png
254,"../DATA/CT_data_batch1/16/DICOM_anon/i0013,0000b.dcm",../DATA/CT_data_batch1/16/Ground/liver_GT_013.png
255,"../DATA/CT_data_batch1/5/DICOM_anon/i0057,0000b.dcm",../DATA/CT_data_batch1/5/Ground/liver_GT_057.png
256,"../DATA/CT_data_batch1/19/DICOM_anon/i0056,0000b.dcm",../DATA/CT_data_batch1/19/Ground/liver_GT_056.png
257,"../DATA/CT_data_batch1/1/DICOM_anon/i0056,0000b.dcm",../DATA/CT_data_batch1/1/Ground/liver_GT_056.png
258,"../DATA/CT_data_batch1/5/DICOM_anon/i0088,0000b.dcm",../DATA/CT_data_batch1/5/Ground/liver_GT_088.png
259,"../DATA/CT_data_batch1/2/DICOM_anon/i0022,0000b.dcm",../DATA/CT_data_batch1/2/Ground/liver_GT_022.png
260,"../DATA/CT_data_batch1/10/DICOM_anon/i0031,0000b.dcm",../DATA/CT_data_batch1/10/Ground/liver_GT_031.png
261,"../DATA/CT_data_batch1/1/DICOM_anon/i0040,0000b.dcm",../DATA/CT_data_batch1/1/Ground/liver_GT_040.png
262,"../DATA/CT_data_batch1/19/DICOM_anon/i0006,0000b.dcm",../DATA/CT_data_batch1/19/Ground/liver_GT_006.png
263,"../DATA/CT_data_batch1/14/DICOM_anon/i0075,0000b.dcm",../DATA/CT_data_batch1/14/Ground/liver_GT_075.png
264,"../DATA/CT_data_batch1/18/DICOM_anon/i0085,0000b.dcm",../DATA/CT_data_batch1/18/Ground/liver_GT_085.png
265,"../DATA/CT_data_batch1/6/DICOM_anon/i0061,0000b.dcm",../DATA/CT_data_batch1/6/Ground/liver_GT_061.png
266,"../DATA/CT_data_batch1/18/DICOM_anon/i0080,0000b.dcm",../DATA/CT_data_batch1/18/Ground/liver_GT_080.png
267,"../DATA/CT_data_batch1/6/DICOM_anon/i0022,0000b.dcm",../DATA/CT_data_batch1/6/Ground/liver_GT_022.png
268,"../DATA/CT_data_batch1/8/DICOM_anon/i0081,0000b.dcm",../DATA/CT_data_batch1/8/Ground/liver_GT_081.png
269,"../DATA/CT_data_batch1/8/DICOM_anon/i0074,0000b.dcm",../DATA/CT_data_batch1/8/Ground/liver_GT_074.png
270,"../DATA/CT_data_batch1/5/DICOM_anon/i0060,0000b.dcm",../DATA/CT_data_batch1/5/Ground/liver_GT_060.png
271,"../DATA/CT_data_batch1/19/DICOM_anon/i0089,0000b.dcm",../DATA/CT_data_batch1/19/Ground/liver_GT_089.png
272,"../DATA/CT_data_batch1/19/DICOM_anon/i0076,0000b.dcm",../DATA/CT_data_batch1/19/Ground/liver_GT_076.png
273,"../DATA/CT_data_batch1/1/DICOM_anon/i0054,0000b.dcm",../DATA/CT_data_batch1/1/Ground/liver_GT_054.png
274,"../DATA/CT_data_batch1/5/DICOM_anon/i0086,0000b.dcm",../DATA/CT_data_batch1/5/Ground/liver_GT_086.png
275,"../DATA/CT_data_batch1/16/DICOM_anon/i0030,0000b.dcm",../DATA/CT_data_batch1/16/Ground/liver_GT_030.png
276,"../DATA/CT_data_batch1/2/DICOM_anon/i0008,0000b.dcm",../DATA/CT_data_batch1/2/Ground/liver_GT_008.png
277,"../DATA/CT_data_batch1/2/DICOM_anon/i0040,0000b.dcm",../DATA/CT_data_batch1/2/Ground/liver_GT_040.png
278,"../DATA/CT_data_batch1/14/DICOM_anon/i0061,0000b.dcm",../DATA/CT_data_batch1/14/Ground/liver_GT_061.png
279,"../DATA/CT_data_batch1/8/DICOM_anon/i0052,0000b.dcm",../DATA/CT_data_batch1/8/Ground/liver_GT_052.png
280,"../DATA/CT_data_batch1/1/DICOM_anon/i0065,0000b.dcm",../DATA/CT_data_batch1/1/Ground/liver_GT_065.png
281,"../DATA/CT_data_batch1/10/DICOM_anon/i0050,0000b.dcm",../DATA/CT_data_batch1/10/Ground/liver_GT_050.png
282,"../DATA/CT_data_batch1/6/DICOM_anon/i0069,0000b.dcm",../DATA/CT_data_batch1/6/Ground/liver_GT_069.png
283,"../DATA/CT_data_batch1/8/DICOM_anon/i0122,0000b.dcm",../DATA/CT_data_batch1/8/Ground/liver_GT_122.png
284,"../DATA/CT_data_batch1/6/DICOM_anon/i0059,0000b.dcm",../DATA/CT_data_batch1/6/Ground/liver_GT_059.png
285,"../DATA/CT_data_batch1/1/DICOM_anon/i0036,0000b.dcm",../DATA/CT_data_batch1/1/Ground/liver_GT_036.png
286,"../DATA/CT_data_batch1/19/DICOM_anon/i0023,0000b.dcm",../DATA/CT_data_batch1/19/Ground/liver_GT_023.png
287,"../DATA/CT_data_batch1/5/DICOM_anon/i0009,0000b.dcm",../DATA/CT_data_batch1/5/Ground/liver_GT_009.png
288,"../DATA/CT_data_batch1/1/DICOM_anon/i0090,0000b.dcm",../DATA/CT_data_batch1/1/Ground/liver_GT_090.png
289,"../DATA/CT_data_batch1/6/DICOM_anon/i0079,0000b.dcm",../DATA/CT_data_batch1/6/Ground/liver_GT_079.png
290,"../DATA/CT_data_batch1/6/DICOM_anon/i0087,0000b.dcm",../DATA/CT_data_batch1/6/Ground/liver_GT_087.png
291,"../DATA/CT_data_batch1/8/DICOM_anon/i0032,0000b.dcm",../DATA/CT_data_batch1/8/Ground/liver_GT_032.png
292,"../DATA/CT_data_batch1/5/DICOM_anon/i0036,0000b.dcm",../DATA/CT_data_batch1/5/Ground/liver_GT_036.png
293,"../DATA/CT_data_batch1/5/DICOM_anon/i0046,0000b.dcm",../DATA/CT_data_batch1/5/Ground/liver_GT_046.png
294,"../DATA/CT_data_batch1/1/DICOM_anon/i0023,0000b.dcm",../DATA/CT_data_batch1/1/Ground/liver_GT_023.png
295,"../DATA/CT_data_batch1/10/DICOM_anon/i0101,0000b.dcm",../DATA/CT_data_batch1/10/Ground/liver_GT_101.png
296,"../DATA/CT_data_batch1/19/DICOM_anon/i0020,0000b.dcm",../DATA/CT_data_batch1/19/Ground/liver_GT_020.png
297,"../DATA/CT_data_batch1/16/DICOM_anon/i0074,0000b.dcm",../DATA/CT_data_batch1/16/Ground/liver_GT_074.png
298,"../DATA/CT_data_batch1/8/DICOM_anon/i0019,0000b.dcm",../DATA/CT_data_batch1/8/Ground/liver_GT_019.png
299,"../DATA/CT_data_batch1/19/DICOM_anon/i0007,0000b.dcm",../DATA/CT_data_batch1/19/Ground/liver_GT_007.png
300,"../DATA/CT_data_batch1/1/DICOM_anon/i0055,0000b.dcm",../DATA/CT_data_batch1/1/Ground/liver_GT_055.png
301,"../DATA/CT_data_batch1/19/DICOM_anon/i0015,0000b.dcm",../DATA/CT_data_batch1/19/Ground/liver_GT_015.png
302,"../DATA/CT_data_batch1/18/DICOM_anon/i0103,0000b.dcm",../DATA/CT_data_batch1/18/Ground/liver_GT_103.png
303,"../DATA/CT_data_batch1/10/DICOM_anon/i0021,0000b.dcm",../DATA/CT_data_batch1/10/Ground/liver_GT_021.png
304,"../DATA/CT_data_batch1/18/DICOM_anon/i0024,0000b.dcm",../DATA/CT_data_batch1/18/Ground/liver_GT_024.png
305,"../DATA/CT_data_batch1/10/DICOM_anon/i0009,0000b.dcm",../DATA/CT_data_batch1/10/Ground/liver_GT_009.png
306,"../DATA/CT_data_batch1/6/DICOM_anon/i0064,0000b.dcm",../DATA/CT_data_batch1/6/Ground/liver_GT_064.png
307,"../DATA/CT_data_batch1/1/DICOM_anon/i0029,0000b.dcm",../DATA/CT_data_batch1/1/Ground/liver_GT_029.png
308,"../DATA/CT_data_batch1/5/DICOM_anon/i0014,0000b.dcm",../DATA/CT_data_batch1/5/Ground/liver_GT_014.png
309,"../DATA/CT_data_batch1/1/DICOM_anon/i0051,0000b.dcm",../DATA/CT_data_batch1/1/Ground/liver_GT_051.png
310,"../DATA/CT_data_batch1/19/DICOM_anon/i0057,0000b.dcm",../DATA/CT_data_batch1/19/Ground/liver_GT_057.png
311,"../DATA/CT_data_batch1/19/DICOM_anon/i0042,0000b.dcm",../DATA/CT_data_batch1/19/Ground/liver_GT_042.png
312,"../DATA/CT_data_batch1/10/DICOM_anon/i0091,0000b.dcm",../DATA/CT_data_batch1/10/Ground/liver_GT_091.png
313,"../DATA/CT_data_batch1/1/DICOM_anon/i0021,0000b.dcm",../DATA/CT_data_batch1/1/Ground/liver_GT_021.png
314,"../DATA/CT_data_batch1/5/DICOM_anon/i0034,0000b.dcm",../DATA/CT_data_batch1/5/Ground/liver_GT_034.png
315,"../DATA/CT_data_batch1/6/DICOM_anon/i0003,0000b.dcm",../DATA/CT_data_batch1/6/Ground/liver_GT_003.png
316,"../DATA/CT_data_batch1/19/DICOM_anon/i0088,0000b.dcm",../DATA/CT_data_batch1/19/Ground/liver_GT_088.png
317,"../DATA/CT_data_batch1/6/DICOM_anon/i0015,0000b.dcm",../DATA/CT_data_batch1/6/Ground/liver_GT_015.png
318,"../DATA/CT_data_batch1/8/DICOM_anon/i0061,0000b.dcm",../DATA/CT_data_batch1/8/Ground/liver_GT_061.png
319,"../DATA/CT_data_batch1/8/DICOM_anon/i0104,0000b.dcm",../DATA/CT_data_batch1/8/Ground/liver_GT_104.png
320,"../DATA/CT_data_batch1/8/DICOM_anon/i0080,0000b.dcm",../DATA/CT_data_batch1/8/Ground/liver_GT_080.png
321,"../DATA/CT_data_batch1/14/DICOM_anon/i0094,0000b.dcm",../DATA/CT_data_batch1/14/Ground/liver_GT_094.png
322,"../DATA/CT_data_batch1/19/DICOM_anon/i0047,0000b.dcm",../DATA/CT_data_batch1/19/Ground/liver_GT_047.png
323,"../DATA/CT_data_batch1/1/DICOM_anon/i0088,0000b.dcm",../DATA/CT_data_batch1/1/Ground/liver_GT_088.png
324,"../DATA/CT_data_batch1/6/DICOM_anon/i0016,0000b.dcm",../DATA/CT_data_batch1/6/Ground/liver_GT_016.png
325,"../DATA/CT_data_batch1/8/DICOM_anon/i0026,0000b.dcm",../DATA/CT_data_batch1/8/Ground/liver_GT_026.png
326,"../DATA/CT_data_batch1/6/DICOM_anon/i0053,0000b.dcm",../DATA/CT_data_batch1/6/Ground/liver_GT_053.png
327,"../DATA/CT_data_batch1/2/DICOM_anon/i0027,0000b.dcm",../DATA/CT_data_batch1/2/Ground/liver_GT_027.png
328,"../DATA/CT_data_batch1/8/DICOM_anon/i0072,0000b.dcm",../DATA/CT_data_batch1/8/Ground/liver_GT_072.png
329,"../DATA/CT_data_batch1/14/DICOM_anon/i0083,0000b.dcm",../DATA/CT_data_batch1/14/Ground/liver_GT_083.png
330,"../DATA/CT_data_batch1/8/DICOM_anon/i0073,0000b.dcm",../DATA/CT_data_batch1/8/Ground/liver_GT_073.png
331,"../DATA/CT_data_batch1/14/DICOM_anon/i0028,0000b.dcm",../DATA/CT_data_batch1/14/Ground/liver_GT_028.png
332,"../DATA/CT_data_batch1/6/DICOM_anon/i0043,0000b.dcm",../DATA/CT_data_batch1/6/Ground/liver_GT_043.png
333,"../DATA/CT_data_batch1/16/DICOM_anon/i0075,0000b.dcm",../DATA/CT_data_batch1/16/Ground/liver_GT_075.png
334,"../DATA/CT_data_batch1/8/DICOM_anon/i0039,0000b.dcm",../DATA/CT_data_batch1/8/Ground/liver_GT_039.png
335,"../DATA/CT_data_batch1/19/DICOM_anon/i0046,0000b.dcm",../DATA/CT_data_batch1/19/Ground/liver_GT_046.png
336,"../DATA/CT_data_batch1/14/DICOM_anon/i0032,0000b.dcm",../DATA/CT_data_batch1/14/Ground/liver_GT_032.png
337,"../DATA/CT_data_batch1/5/DICOM_anon/i0031,0000b.dcm",../DATA/CT_data_batch1/5/Ground/liver_GT_031.png
338,"../DATA/CT_data_batch1/18/DICOM_anon/i0047,0000b.dcm",../DATA/CT_data_batch1/18/Ground/liver_GT_047.png
339,"../DATA/CT_data_batch1/2/DICOM_anon/i0036,0000b.dcm",../DATA/CT_data_batch1/2/Ground/liver_GT_036.png
340,"../DATA/CT_data_batch1/2/DICOM_anon/i0019,0000b.dcm",../DATA/CT_data_batch1/2/Ground/liver_GT_019.png
341,"../DATA/CT_data_batch1/10/DICOM_anon/i0093,0000b.dcm",../DATA/CT_data_batch1/10/Ground/liver_GT_093.png
342,"../DATA/CT_data_batch1/1/DICOM_anon/i0043,0000b.dcm",../DATA/CT_data_batch1/1/Ground/liver_GT_043.png
343,"../DATA/CT_data_batch1/18/DICOM_anon/i0061,0000b.dcm",../DATA/CT_data_batch1/18/Ground/liver_GT_061.png
344,"../DATA/CT_data_batch1/19/DICOM_anon/i0072,0000b.dcm",../DATA/CT_data_batch1/19/Ground/liver_GT_072.png
345,"../DATA/CT_data_batch1/14/DICOM_anon/i0030,0000b.dcm",../DATA/CT_data_batch1/14/Ground/liver_GT_030.png
346,"../DATA/CT_data_batch1/19/DICOM_anon/i0030,0000b.dcm",../DATA/CT_data_batch1/19/Ground/liver_GT_030.png
347,"../DATA/CT_data_batch1/8/DICOM_anon/i0066,0000b.dcm",../DATA/CT_data_batch1/8/Ground/liver_GT_066.png
348,"../DATA/CT_data_batch1/14/DICOM_anon/i0017,0000b.dcm",../DATA/CT_data_batch1/14/Ground/liver_GT_017.png
349,"../DATA/CT_data_batch1/1/DICOM_anon/i0033,0000b.dcm",../DATA/CT_data_batch1/1/Ground/liver_GT_033.png
350,"../DATA/CT_data_batch1/14/DICOM_anon/i0002,0000b.dcm",../DATA/CT_data_batch1/14/Ground/liver_GT_002.png
351,"../DATA/CT_data_batch1/16/DICOM_anon/i0053,0000b.dcm",../DATA/CT_data_batch1/16/Ground/liver_GT_053.png
352,"../DATA/CT_data_batch1/6/DICOM_anon/i0044,0000b.dcm",../DATA/CT_data_batch1/6/Ground/liver_GT_044.png
353,"../DATA/CT_data_batch1/10/DICOM_anon/i0103,0000b.dcm",../DATA/CT_data_batch1/10/Ground/liver_GT_103.png
354,"../DATA/CT_data_batch1/18/DICOM_anon/i0016,0000b.dcm",../DATA/CT_data_batch1/18/Ground/liver_GT_016.png
355,"../DATA/CT_data_batch1/16/DICOM_anon/i0002,0000b.dcm",../DATA/CT_data_batch1/16/Ground/liver_GT_002.png
356,"../DATA/CT_data_batch1/6/DICOM_anon/i0028,0000b.dcm",../DATA/CT_data_batch1/6/Ground/liver_GT_028.png
357,"../DATA/CT_data_batch1/16/DICOM_anon/i0048,0000b.dcm",../DATA/CT_data_batch1/16/Ground/liver_GT_048.png
358,"../DATA/CT_data_batch1/6/DICOM_anon/i0076,0000b.dcm",../DATA/CT_data_batch1/6/Ground/liver_GT_076.png
359,"../DATA/CT_data_batch1/16/DICOM_anon/i0067,0000b.dcm",../DATA/CT_data_batch1/16/Ground/liver_GT_067.png
360,"../DATA/CT_data_batch1/1/DICOM_anon/i0073,0000b.dcm",../DATA/CT_data_batch1/1/Ground/liver_GT_073.png
361,"../DATA/CT_data_batch1/5/DICOM_anon/i0011,0000b.dcm",../DATA/CT_data_batch1/5/Ground/liver_GT_011.png
362,"../DATA/CT_data_batch1/2/DICOM_anon/i0029,0000b.dcm",../DATA/CT_data_batch1/2/Ground/liver_GT_029.png
363,"../DATA/CT_data_batch1/2/DICOM_anon/i0023,0000b.dcm",../DATA/CT_data_batch1/2/Ground/liver_GT_023.png
364,"../DATA/CT_data_batch1/8/DICOM_anon/i0051,0000b.dcm",../DATA/CT_data_batch1/8/Ground/liver_GT_051.png
365,"../DATA/CT_data_batch1/1/DICOM_anon/i0037,0000b.dcm",../DATA/CT_data_batch1/1/Ground/liver_GT_037.png
366,"../DATA/CT_data_batch1/2/DICOM_anon/i0025,0000b.dcm",../DATA/CT_data_batch1/2/Ground/liver_GT_025.png
367,"../DATA/CT_data_batch1/6/DICOM_anon/i0027,0000b.dcm",../DATA/CT_data_batch1/6/Ground/liver_GT_027.png
368,"../DATA/CT_data_batch1/10/DICOM_anon/i0095,0000b.dcm",../DATA/CT_data_batch1/10/Ground/liver_GT_095.png
369,"../DATA/CT_data_batch1/5/DICOM_anon/i0045,0000b.dcm",../DATA/CT_data_batch1/5/Ground/liver_GT_045.png
370,"../DATA/CT_data_batch1/1/DICOM_anon/i0057,0000b.dcm",../DATA/CT_data_batch1/1/Ground/liver_GT_057.png
371,"../DATA/CT_data_batch1/6/DICOM_anon/i0024,0000b.dcm",../DATA/CT_data_batch1/6/Ground/liver_GT_024.png
372,"../DATA/CT_data_batch1/8/DICOM_anon/i0016,0000b.dcm",../DATA/CT_data_batch1/8/Ground/liver_GT_016.png
373,"../DATA/CT_data_batch1/10/DICOM_anon/i0030,0000b.dcm",../DATA/CT_data_batch1/10/Ground/liver_GT_030.png
374,"../DATA/CT_data_batch1/6/DICOM_anon/i0002,0000b.dcm",../DATA/CT_data_batch1/6/Ground/liver_GT_002.png
375,"../DATA/CT_data_batch1/8/DICOM_anon/i0010,0000b.dcm",../DATA/CT_data_batch1/8/Ground/liver_GT_010.png
376,"../DATA/CT_data_batch1/2/DICOM_anon/i0010,0000b.dcm",../DATA/CT_data_batch1/2/Ground/liver_GT_010.png
377,"../DATA/CT_data_batch1/10/DICOM_anon/i0066,0000b.dcm",../DATA/CT_data_batch1/10/Ground/liver_GT_066.png
378,"../DATA/CT_data_batch1/14/DICOM_anon/i0067,0000b.dcm",../DATA/CT_data_batch1/14/Ground/liver_GT_067.png
379,"../DATA/CT_data_batch1/18/DICOM_anon/i0001,0000b.dcm",../DATA/CT_data_batch1/18/Ground/liver_GT_001.png
380,"../DATA/CT_data_batch1/6/DICOM_anon/i0042,0000b.dcm",../DATA/CT_data_batch1/6/Ground/liver_GT_042.png
381,"../DATA/CT_data_batch1/2/DICOM_anon/i0068,0000b.dcm",../DATA/CT_data_batch1/2/Ground/liver_GT_068.png
382,"../DATA/CT_data_batch1/6/DICOM_anon/i0081,0000b.dcm",../DATA/CT_data_batch1/6/Ground/liver_GT_081.png
383,"../DATA/CT_data_batch1/16/DICOM_anon/i0089,0000b.dcm",../DATA/CT_data_batch1/16/Ground/liver_GT_089.png
384,"../DATA/CT_data_batch1/2/DICOM_anon/i0069,0000b.dcm",../DATA/CT_data_batch1/2/Ground/liver_GT_069.png
385,"../DATA/CT_data_batch1/8/DICOM_anon/i0082,0000b.dcm",../DATA/CT_data_batch1/8/Ground/liver_GT_082.png
386,"../DATA/CT_data_batch1/16/DICOM_anon/i0049,0000b.dcm",../DATA/CT_data_batch1/16/Ground/liver_GT_049.png
387,"../DATA/CT_data_batch1/16/DICOM_anon/i0070,0000b.dcm",../DATA/CT_data_batch1/16/Ground/liver_GT_070.png
388,"../DATA/CT_data_batch1/14/DICOM_anon/i0011,0000b.dcm",../DATA/CT_data_batch1/14/Ground/liver_GT_011.png
389,"../DATA/CT_data_batch1/5/DICOM_anon/i0068,0000b.dcm",../DATA/CT_data_batch1/5/Ground/liver_GT_068.png
390,"../DATA/CT_data_batch1/1/DICOM_anon/i0093,0000b.dcm",../DATA/CT_data_batch1/1/Ground/liver_GT_093.png
391,"../DATA/CT_data_batch1/10/DICOM_anon/i0061,0000b.dcm",../DATA/CT_data_batch1/10/Ground/liver_GT_061.png
392,"../DATA/CT_data_batch1/8/DICOM_anon/i0053,0000b.dcm",../DATA/CT_data_batch1/8/Ground/liver_GT_053.png
393,"../DATA/CT_data_batch1/19/DICOM_anon/i0084,0000b.dcm",../DATA/CT_data_batch1/19/Ground/liver_GT_084.png
394,"../DATA/CT_data_batch1/18/DICOM_anon/i0037,0000b.dcm",../DATA/CT_data_batch1/18/Ground/liver_GT_037.png
395,"../DATA/CT_data_batch1/18/DICOM_anon/i0097,0000b.dcm",../DATA/CT_data_batch1/18/Ground/liver_GT_097.png
396,"../DATA/CT_data_batch1/6/DICOM_anon/i0018,0000b.dcm",../DATA/CT_data_batch1/6/Ground/liver_GT_018.png
397,"../DATA/CT_data_batch1/18/DICOM_anon/i0081,0000b.dcm",../DATA/CT_data_batch1/18/Ground/liver_GT_081.png
398,"../DATA/CT_data_batch1/8/DICOM_anon/i0055,0000b.dcm",../DATA/CT_data_batch1/8/Ground/liver_GT_055.png
399,"../DATA/CT_data_batch1/6/DICOM_anon/i0075,0000b.dcm",../DATA/CT_data_batch1/6/Ground/liver_GT_075.png
400,"../DATA/CT_data_batch1/10/DICOM_anon/i0064,0000b.dcm",../DATA/CT_data_batch1/10/Ground/liver_GT_064.png
401,"../DATA/CT_data_batch1/18/DICOM_anon/i0052,0000b.dcm",../DATA/CT_data_batch1/18/Ground/liver_GT_052.png
402,"../DATA/CT_data_batch1/5/DICOM_anon/i0053,0000b.dcm",../DATA/CT_data_batch1/5/Ground/liver_GT_053.png
403,"../DATA/CT_data_batch1/1/DICOM_anon/i0011,0000b.dcm",../DATA/CT_data_batch1/1/Ground/liver_GT_011.png
404,"../DATA/CT_data_batch1/8/DICOM_anon/i0102,0000b.dcm",../DATA/CT_data_batch1/8/Ground/liver_GT_102.png
405,"../DATA/CT_data_batch1/18/DICOM_anon/i0106,0000b.dcm",../DATA/CT_data_batch1/18/Ground/liver_GT_106.png
406,"../DATA/CT_data_batch1/16/DICOM_anon/i0077,0000b.dcm",../DATA/CT_data_batch1/16/Ground/liver_GT_077.png
407,"../DATA/CT_data_batch1/8/DICOM_anon/i0027,0000b.dcm",../DATA/CT_data_batch1/8/Ground/liver_GT_027.png
408,"../DATA/CT_data_batch1/14/DICOM_anon/i0060,0000b.dcm",../DATA/CT_data_batch1/14/Ground/liver_GT_060.png
409,"../DATA/CT_data_batch1/8/DICOM_anon/i0003,0000b.dcm",../DATA/CT_data_batch1/8/Ground/liver_GT_003.png
410,"../DATA/CT_data_batch1/19/DICOM_anon/i0001,0000b.dcm",../DATA/CT_data_batch1/19/Ground/liver_GT_001.png
411,"../DATA/CT_data_batch1/8/DICOM_anon/i0115,0000b.dcm",../DATA/CT_data_batch1/8/Ground/liver_GT_115.png
412,"../DATA/CT_data_batch1/14/DICOM_anon/i0003,0000b.dcm",../DATA/CT_data_batch1/14/Ground/liver_GT_003.png
413,"../DATA/CT_data_batch1/1/DICOM_anon/i0095,0000b.dcm",../DATA/CT_data_batch1/1/Ground/liver_GT_095.png
414,"../DATA/CT_data_batch1/10/DICOM_anon/i0081,0000b.dcm",../DATA/CT_data_batch1/10/Ground/liver_GT_081.png
415,"../DATA/CT_data_batch1/19/DICOM_anon/i0024,0000b.dcm",../DATA/CT_data_batch1/19/Ground/liver_GT_024.png
416,"../DATA/CT_data_batch1/14/DICOM_anon/i0037,0000b.dcm",../DATA/CT_data_batch1/14/Ground/liver_GT_037.png
417,"../DATA/CT_data_batch1/8/DICOM_anon/i0007,0000b.dcm",../DATA/CT_data_batch1/8/Ground/liver_GT_007.png
418,"../DATA/CT_data_batch1/18/DICOM_anon/i0108,0000b.dcm",../DATA/CT_data_batch1/18/Ground/liver_GT_108.png
419,"../DATA/CT_data_batch1/19/DICOM_anon/i0014,0000b.dcm",../DATA/CT_data_batch1/19/Ground/liver_GT_014.png
420,"../DATA/CT_data_batch1/18/DICOM_anon/i0093,0000b.dcm",../DATA/CT_data_batch1/18/Ground/liver_GT_093.png
421,"../DATA/CT_data_batch1/18/DICOM_anon/i0057,0000b.dcm",../DATA/CT_data_batch1/18/Ground/liver_GT_057.png
422,"../DATA/CT_data_batch1/18/DICOM_anon/i0056,0000b.dcm",../DATA/CT_data_batch1/18/Ground/liver_GT_056.png
423,"../DATA/CT_data_batch1/18/DICOM_anon/i0027,0000b.dcm",../DATA/CT_data_batch1/18/Ground/liver_GT_027.png
424,"../DATA/CT_data_batch1/5/DICOM_anon/i0027,0000b.dcm",../DATA/CT_data_batch1/5/Ground/liver_GT_027.png
425,"../DATA/CT_data_batch1/18/DICOM_anon/i0069,0000b.dcm",../DATA/CT_data_batch1/18/Ground/liver_GT_069.png
426,"../DATA/CT_data_batch1/14/DICOM_anon/i0090,0000b.dcm",../DATA/CT_data_batch1/14/Ground/liver_GT_090.png
427,"../DATA/CT_data_batch1/16/DICOM_anon/i0011,0000b.dcm",../DATA/CT_data_batch1/16/Ground/liver_GT_011.png
428,"../DATA/CT_data_batch1/16/DICOM_anon/i0047,0000b.dcm",../DATA/CT_data_batch1/16/Ground/liver_GT_047.png
429,"../DATA/CT_data_batch1/6/DICOM_anon/i0000,0000b.dcm",../DATA/CT_data_batch1/6/Ground/liver_GT_000.png
430,"../DATA/CT_data_batch1/5/DICOM_anon/i0077,0000b.dcm",../DATA/CT_data_batch1/5/Ground/liver_GT_077.png
431,"../DATA/CT_data_batch1/2/DICOM_anon/i0058,0000b.dcm",../DATA/CT_data_batch1/2/Ground/liver_GT_058.png
432,"../DATA/CT_data_batch1/19/DICOM_anon/i0026,0000b.dcm",../DATA/CT_data_batch1/19/Ground/liver_GT_026.png
433,"../DATA/CT_data_batch1/14/DICOM_anon/i0052,0000b.dcm",../DATA/CT_data_batch1/14/Ground/liver_GT_052.png
434,"../DATA/CT_data_batch1/2/DICOM_anon/i0074,0000b.dcm",../DATA/CT_data_batch1/2/Ground/liver_GT_074.png
435,"../DATA/CT_data_batch1/14/DICOM_anon/i0008,0000b.dcm",../DATA/CT_data_batch1/14/Ground/liver_GT_008.png
436,"../DATA/CT_data_batch1/14/DICOM_anon/i0042,0000b.dcm",../DATA/CT_data_batch1/14/Ground/liver_GT_042.png
437,"../DATA/CT_data_batch1/2/DICOM_anon/i0017,0000b.dcm",../DATA/CT_data_batch1/2/Ground/liver_GT_017.png
438,"../DATA/CT_data_batch1/1/DICOM_anon/i0017,0000b.dcm",../DATA/CT_data_batch1/1/Ground/liver_GT_017.png
439,"../DATA/CT_data_batch1/1/DICOM_anon/i0010,0000b.dcm",../DATA/CT_data_batch1/1/Ground/liver_GT_010.png
440,"../DATA/CT_data_batch1/5/DICOM_anon/i0062,0000b.dcm",../DATA/CT_data_batch1/5/Ground/liver_GT_062.png
441,"../DATA/CT_data_batch1/16/DICOM_anon/i0014,0000b.dcm",../DATA/CT_data_batch1/16/Ground/liver_GT_014.png
442,"../DATA/CT_data_batch1/18/DICOM_anon/i0088,0000b.dcm",../DATA/CT_data_batch1/18/Ground/liver_GT_088.png
443,"../DATA/CT_data_batch1/6/DICOM_anon/i0084,0000b.dcm",../DATA/CT_data_batch1/6/Ground/liver_GT_084.png
444,"../DATA/CT_data_batch1/5/DICOM_anon/i0061,0000b.dcm",../DATA/CT_data_batch1/5/Ground/liver_GT_061.png
445,"../DATA/CT_data_batch1/18/DICOM_anon/i0023,0000b.dcm",../DATA/CT_data_batch1/18/Ground/liver_GT_023.png
446,"../DATA/CT_data_batch1/5/DICOM_anon/i0016,0000b.dcm",../DATA/CT_data_batch1/5/Ground/liver_GT_016.png
447,"../DATA/CT_data_batch1/6/DICOM_anon/i0067,0000b.dcm",../DATA/CT_data_batch1/6/Ground/liver_GT_067.png
448,"../DATA/CT_data_batch1/10/DICOM_anon/i0105,0000b.dcm",../DATA/CT_data_batch1/10/Ground/liver_GT_105.png
449,"../DATA/CT_data_batch1/2/DICOM_anon/i0006,0000b.dcm",../DATA/CT_data_batch1/2/Ground/liver_GT_006.png
450,"../DATA/CT_data_batch1/8/DICOM_anon/i0009,0000b.dcm",../DATA/CT_data_batch1/8/Ground/liver_GT_009.png
451,"../DATA/CT_data_batch1/1/DICOM_anon/i0094,0000b.dcm",../DATA/CT_data_batch1/1/Ground/liver_GT_094.png
452,"../DATA/CT_data_batch1/10/DICOM_anon/i0040,0000b.dcm",../DATA/CT_data_batch1/10/Ground/liver_GT_040.png
453,"../DATA/CT_data_batch1/16/DICOM_anon/i0038,0000b.dcm",../DATA/CT_data_batch1/16/Ground/liver_GT_038.png
454,"../DATA/CT_data_batch1/18/DICOM_anon/i0004,0000b.dcm",../DATA/CT_data_batch1/18/Ground/liver_GT_004.png
455,"../DATA/CT_data_batch1/2/DICOM_anon/i0071,0000b.dcm",../DATA/CT_data_batch1/2/Ground/liver_GT_071.png
456,"../DATA/CT_data_batch1/19/DICOM_anon/i0061,0000b.dcm",../DATA/CT_data_batch1/19/Ground/liver_GT_061.png
457,"../DATA/CT_data_batch1/6/DICOM_anon/i0035,0000b.dcm",../DATA/CT_data_batch1/6/Ground/liver_GT_035.png
458,"../DATA/CT_data_batch1/6/DICOM_anon/i0080,0000b.dcm",../DATA/CT_data_batch1/6/Ground/liver_GT_080.png
459,"../DATA/CT_data_batch1/10/DICOM_anon/i0062,0000b.dcm",../DATA/CT_data_batch1/10/Ground/liver_GT_062.png
460,"../DATA/CT_data_batch1/1/DICOM_anon/i0086,0000b.dcm",../DATA/CT_data_batch1/1/Ground/liver_GT_086.png
461,"../DATA/CT_data_batch1/8/DICOM_anon/i0095,0000b.dcm",../DATA/CT_data_batch1/8/Ground/liver_GT_095.png
462,"../DATA/CT_data_batch1/18/DICOM_anon/i0010,0000b.dcm",../DATA/CT_data_batch1/18/Ground/liver_GT_010.png
463,"../DATA/CT_data_batch1/10/DICOM_anon/i0001,0000b.dcm",../DATA/CT_data_batch1/10/Ground/liver_GT_001.png
464,"../DATA/CT_data_batch1/8/DICOM_anon/i0100,0000b.dcm",../DATA/CT_data_batch1/8/Ground/liver_GT_100.png
465,"../DATA/CT_data_batch1/8/DICOM_anon/i0013,0000b.dcm",../DATA/CT_data_batch1/8/Ground/liver_GT_013.png
466,"../DATA/CT_data_batch1/10/DICOM_anon/i0041,0000b.dcm",../DATA/CT_data_batch1/10/Ground/liver_GT_041.png
467,"../DATA/CT_data_batch1/6/DICOM_anon/i0009,0000b.dcm",../DATA/CT_data_batch1/6/Ground/liver_GT_009.png
468,"../DATA/CT_data_batch1/2/DICOM_anon/i0063,0000b.dcm",../DATA/CT_data_batch1/2/Ground/liver_GT_063.png
469,"../DATA/CT_data_batch1/1/DICOM_anon/i0064,0000b.dcm",../DATA/CT_data_batch1/1/Ground/liver_GT_064.png
470,"../DATA/CT_data_batch1/8/DICOM_anon/i0119,0000b.dcm",../DATA/CT_data_batch1/8/Ground/liver_GT_119.png
471,"../DATA/CT_data_batch1/10/DICOM_anon/i0080,0000b.dcm",../DATA/CT_data_batch1/10/Ground/liver_GT_080.png
472,"../DATA/CT_data_batch1/8/DICOM_anon/i0107,0000b.dcm",../DATA/CT_data_batch1/8/Ground/liver_GT_107.png
473,"../DATA/CT_data_batch1/18/DICOM_anon/i0078,0000b.dcm",../DATA/CT_data_batch1/18/Ground/liver_GT_078.png
474,"../DATA/CT_data_batch1/6/DICOM_anon/i0057,0000b.dcm",../DATA/CT_data_batch1/6/Ground/liver_GT_057.png
475,"../DATA/CT_data_batch1/14/DICOM_anon/i0078,0000b.dcm",../DATA/CT_data_batch1/14/Ground/liver_GT_078.png
476,"../DATA/CT_data_batch1/5/DICOM_anon/i0013,0000b.dcm",../DATA/CT_data_batch1/5/Ground/liver_GT_013.png
477,"../DATA/CT_data_batch1/14/DICOM_anon/i0006,0000b.dcm",../DATA/CT_data_batch1/14/Ground/liver_GT_006.png
478,"../DATA/CT_data_batch1/6/DICOM_anon/i0001,0000b.dcm",../DATA/CT_data_batch1/6/Ground/liver_GT_001.png
479,"../DATA/CT_data_batch1/8/DICOM_anon/i0059,0000b.dcm",../DATA/CT_data_batch1/8/Ground/liver_GT_059.png
480,"../DATA/CT_data_batch1/10/DICOM_anon/i0055,0000b.dcm",../DATA/CT_data_batch1/10/Ground/liver_GT_055.png
481,"../DATA/CT_data_batch1/1/DICOM_anon/i0018,0000b.dcm",../DATA/CT_data_batch1/1/Ground/liver_GT_018.png
482,"../DATA/CT_data_batch1/10/DICOM_anon/i0020,0000b.dcm",../DATA/CT_data_batch1/10/Ground/liver_GT_020.png
483,"../DATA/CT_data_batch1/6/DICOM_anon/i0082,0000b.dcm",../DATA/CT_data_batch1/6/Ground/liver_GT_082.png
484,"../DATA/CT_data_batch1/5/DICOM_anon/i0004,0000b.dcm",../DATA/CT_data_batch1/5/Ground/liver_GT_004.png
485,"../DATA/CT_data_batch1/10/DICOM_anon/i0022,0000b.dcm",../DATA/CT_data_batch1/10/Ground/liver_GT_022.png
486,"../DATA/CT_data_batch1/14/DICOM_anon/i0026,0000b.dcm",../DATA/CT_data_batch1/14/Ground/liver_GT_026.png
487,"../DATA/CT_data_batch1/19/DICOM_anon/i0036,0000b.dcm",../DATA/CT_data_batch1/19/Ground/liver_GT_036.png
488,"../DATA/CT_data_batch1/5/DICOM_anon/i0080,0000b.dcm",../DATA/CT_data_batch1/5/Ground/liver_GT_080.png
489,"../DATA/CT_data_batch1/10/DICOM_anon/i0005,0000b.dcm",../DATA/CT_data_batch1/10/Ground/liver_GT_005.png
490,"../DATA/CT_data_batch1/18/DICOM_anon/i0099,0000b.dcm",../DATA/CT_data_batch1/18/Ground/liver_GT_099.png
491,"../DATA/CT_data_batch1/16/DICOM_anon/i0008,0000b.dcm",../DATA/CT_data_batch1/16/Ground/liver_GT_008.png
492,"../DATA/CT_data_batch1/16/DICOM_anon/i0052,0000b.dcm",../DATA/CT_data_batch1/16/Ground/liver_GT_052.png
493,"../DATA/CT_data_batch1/6/DICOM_anon/i0030,0000b.dcm",../DATA/CT_data_batch1/6/Ground/liver_GT_030.png
494,"../DATA/CT_data_batch1/19/DICOM_anon/i0075,0000b.dcm",../DATA/CT_data_batch1/19/Ground/liver_GT_075.png
495,"../DATA/CT_data_batch1/14/DICOM_anon/i0068,0000b.dcm",../DATA/CT_data_batch1/14/Ground/liver_GT_068.png
496,"../DATA/CT_data_batch1/18/DICOM_anon/i0044,0000b.dcm",../DATA/CT_data_batch1/18/Ground/liver_GT_044.png
497,"../DATA/CT_data_batch1/16/DICOM_anon/i0031,0000b.dcm",../DATA/CT_data_batch1/16/Ground/liver_GT_031.png
498,"../DATA/CT_data_batch1/18/DICOM_anon/i0090,0000b.dcm",../DATA/CT_data_batch1/18/Ground/liver_GT_090.png
499,"../DATA/CT_data_batch1/18/DICOM_anon/i0043,0000b.dcm",../DATA/CT_data_batch1/18/Ground/liver_GT_043.png
500,"../DATA/CT_data_batch1/14/DICOM_anon/i0072,0000b.dcm",../DATA/CT_data_batch1/14/Ground/liver_GT_072.png
501,"../DATA/CT_data_batch1/19/DICOM_anon/i0018,0000b.dcm",../DATA/CT_data_batch1/19/Ground/liver_GT_018.png
502,"../DATA/CT_data_batch1/1/DICOM_anon/i0076,0000b.dcm",../DATA/CT_data_batch1/1/Ground/liver_GT_076.png
503,"../DATA/CT_data_batch1/14/DICOM_anon/i0025,0000b.dcm",../DATA/CT_data_batch1/14/Ground/liver_GT_025.png
504,"../DATA/CT_data_batch1/2/DICOM_anon/i0041,0000b.dcm",../DATA/CT_data_batch1/2/Ground/liver_GT_041.png
505,"../DATA/CT_data_batch1/6/DICOM_anon/i0025,0000b.dcm",../DATA/CT_data_batch1/6/Ground/liver_GT_025.png
506,"../DATA/CT_data_batch1/16/DICOM_anon/i0033,0000b.dcm",../DATA/CT_data_batch1/16/Ground/liver_GT_033.png
507,"../DATA/CT_data_batch1/8/DICOM_anon/i0106,0000b.dcm",../DATA/CT_data_batch1/8/Ground/liver_GT_106.png
508,"../DATA/CT_data_batch1/8/DICOM_anon/i0101,0000b.dcm",../DATA/CT_data_batch1/8/Ground/liver_GT_101.png
509,"../DATA/CT_data_batch1/2/DICOM_anon/i0064,0000b.dcm",../DATA/CT_data_batch1/2/Ground/liver_GT_064.png
510,"../DATA/CT_data_batch1/8/DICOM_anon/i0094,0000b.dcm",../DATA/CT_data_batch1/8/Ground/liver_GT_094.png
511,"../DATA/CT_data_batch1/19/DICOM_anon/i0071,0000b.dcm",../DATA/CT_data_batch1/19/Ground/liver_GT_071.png
512,"../DATA/CT_data_batch1/6/DICOM_anon/i0047,0000b.dcm",../DATA/CT_data_batch1/6/Ground/liver_GT_047.png
513,"../DATA/CT_data_batch1/2/DICOM_anon/i0035,0000b.dcm",../DATA/CT_data_batch1/2/Ground/liver_GT_035.png
514,"../DATA/CT_data_batch1/2/DICOM_anon/i0009,0000b.dcm",../DATA/CT_data_batch1/2/Ground/liver_GT_009.png
515,"../DATA/CT_data_batch1/8/DICOM_anon/i0087,0000b.dcm",../DATA/CT_data_batch1/8/Ground/liver_GT_087.png
516,"../DATA/CT_data_batch1/18/DICOM_anon/i0082,0000b.dcm",../DATA/CT_data_batch1/18/Ground/liver_GT_082.png
517,"../DATA/CT_data_batch1/10/DICOM_anon/i0037,0000b.dcm",../DATA/CT_data_batch1/10/Ground/liver_GT_037.png
518,"../DATA/CT_data_batch1/1/DICOM_anon/i0061,0000b.dcm",../DATA/CT_data_batch1/1/Ground/liver_GT_061.png
519,"../DATA/CT_data_batch1/16/DICOM_anon/i0063,0000b.dcm",../DATA/CT_data_batch1/16/Ground/liver_GT_063.png
520,"../DATA/CT_data_batch1/8/DICOM_anon/i0111,0000b.dcm",../DATA/CT_data_batch1/8/Ground/liver_GT_111.png
521,"../DATA/CT_data_batch1/19/DICOM_anon/i0021,0000b.dcm",../DATA/CT_data_batch1/19/Ground/liver_GT_021.png
522,"../DATA/CT_data_batch1/8/DICOM_anon/i0090,0000b.dcm",../DATA/CT_data_batch1/8/Ground/liver_GT_090.png
523,"../DATA/CT_data_batch1/10/DICOM_anon/i0038,0000b.dcm",../DATA/CT_data_batch1/10/Ground/liver_GT_038.png
524,"../DATA/CT_data_batch1/14/DICOM_anon/i0079,0000b.dcm",../DATA/CT_data_batch1/14/Ground/liver_GT_079.png
525,"../DATA/CT_data_batch1/8/DICOM_anon/i0035,0000b.dcm",../DATA/CT_data_batch1/8/Ground/liver_GT_035.png
526,"../DATA/CT_data_batch1/5/DICOM_anon/i0025,0000b.dcm",../DATA/CT_data_batch1/5/Ground/liver_GT_025.png
527,"../DATA/CT_data_batch1/10/DICOM_anon/i0029,0000b.dcm",../DATA/CT_data_batch1/10/Ground/liver_GT_029.png
528,"../DATA/CT_data_batch1/2/DICOM_anon/i0015,0000b.dcm",../DATA/CT_data_batch1/2/Ground/liver_GT_015.png
529,"../DATA/CT_data_batch1/8/DICOM_anon/i0056,0000b.dcm",../DATA/CT_data_batch1/8/Ground/liver_GT_056.png
530,"../DATA/CT_data_batch1/18/DICOM_anon/i0110,0000b.dcm",../DATA/CT_data_batch1/18/Ground/liver_GT_110.png
531,"../DATA/CT_data_batch1/10/DICOM_anon/i0108,0000b.dcm",../DATA/CT_data_batch1/10/Ground/liver_GT_108.png
532,"../DATA/CT_data_batch1/18/DICOM_anon/i0098,0000b.dcm",../DATA/CT_data_batch1/18/Ground/liver_GT_098.png
533,"../DATA/CT_data_batch1/10/DICOM_anon/i0017,0000b.dcm",../DATA/CT_data_batch1/10/Ground/liver_GT_017.png
534,"../DATA/CT_data_batch1/16/DICOM_anon/i0006,0000b.dcm",../DATA/CT_data_batch1/16/Ground/liver_GT_006.png
535,"../DATA/CT_data_batch1/2/DICOM_anon/i0061,0000b.dcm",../DATA/CT_data_batch1/2/Ground/liver_GT_061.png
536,"../DATA/CT_data_batch1/6/DICOM_anon/i0068,0000b.dcm",../DATA/CT_data_batch1/6/Ground/liver_GT_068.png
537,"../DATA/CT_data_batch1/18/DICOM_anon/i0008,0000b.dcm",../DATA/CT_data_batch1/18/Ground/liver_GT_008.png
538,"../DATA/CT_data_batch1/19/DICOM_anon/i0037,0000b.dcm",../DATA/CT_data_batch1/19/Ground/liver_GT_037.png
539,"../DATA/CT_data_batch1/10/DICOM_anon/i0052,0000b.dcm",../DATA/CT_data_batch1/10/Ground/liver_GT_052.png
540,"../DATA/CT_data_batch1/10/DICOM_anon/i0077,0000b.dcm",../DATA/CT_data_batch1/10/Ground/liver_GT_077.png
541,"../DATA/CT_data_batch1/14/DICOM_anon/i0089,0000b.dcm",../DATA/CT_data_batch1/14/Ground/liver_GT_089.png
542,"../DATA/CT_data_batch1/14/DICOM_anon/i0070,0000b.dcm",../DATA/CT_data_batch1/14/Ground/liver_GT_070.png
543,"../DATA/CT_data_batch1/1/DICOM_anon/i0003,0000b.dcm",../DATA/CT_data_batch1/1/Ground/liver_GT_003.png
544,"../DATA/CT_data_batch1/5/DICOM_anon/i0039,0000b.dcm",../DATA/CT_data_batch1/5/Ground/liver_GT_039.png
545,"../DATA/CT_data_batch1/14/DICOM_anon/i0012,0000b.dcm",../DATA/CT_data_batch1/14/Ground/liver_GT_012.png
546,"../DATA/CT_data_batch1/18/DICOM_anon/i0021,0000b.dcm",../DATA/CT_data_batch1/18/Ground/liver_GT_021.png
547,"../DATA/CT_data_batch1/8/DICOM_anon/i0001,0000b.dcm",../DATA/CT_data_batch1/8/Ground/liver_GT_001.png
548,"../DATA/CT_data_batch1/18/DICOM_anon/i0065,0000b.dcm",../DATA/CT_data_batch1/18/Ground/liver_GT_065.png
549,"../DATA/CT_data_batch1/14/DICOM_anon/i0055,0000b.dcm",../DATA/CT_data_batch1/14/Ground/liver_GT_055.png
550,"../DATA/CT_data_batch1/10/DICOM_anon/i0106,0000b.dcm",../DATA/CT_data_batch1/10/Ground/liver_GT_106.png
551,"../DATA/CT_data_batch1/14/DICOM_anon/i0080,0000b.dcm",../DATA/CT_data_batch1/14/Ground/liver_GT_080.png
552,"../DATA/CT_data_batch1/5/DICOM_anon/i0048,0000b.dcm",../DATA/CT_data_batch1/5/Ground/liver_GT_048.png
553,"../DATA/CT_data_batch1/18/DICOM_anon/i0049,0000b.dcm",../DATA/CT_data_batch1/18/Ground/liver_GT_049.png
554,"../DATA/CT_data_batch1/14/DICOM_anon/i0064,0000b.dcm",../DATA/CT_data_batch1/14/Ground/liver_GT_064.png
555,"../DATA/CT_data_batch1/18/DICOM_anon/i0002,0000b.dcm",../DATA/CT_data_batch1/18/Ground/liver_GT_002.png
556,"../DATA/CT_data_batch1/1/DICOM_anon/i0028,0000b.dcm",../DATA/CT_data_batch1/1/Ground/liver_GT_028.png
557,"../DATA/CT_data_batch1/14/DICOM_anon/i0019,0000b.dcm",../DATA/CT_data_batch1/14/Ground/liver_GT_019.png
558,"../DATA/CT_data_batch1/1/DICOM_anon/i0022,0000b.dcm",../DATA/CT_data_batch1/1/Ground/liver_GT_022.png
559,"../DATA/CT_data_batch1/8/DICOM_anon/i0097,0000b.dcm",../DATA/CT_data_batch1/8/Ground/liver_GT_097.png
560,"../DATA/CT_data_batch1/16/DICOM_anon/i0012,0000b.dcm",../DATA/CT_data_batch1/16/Ground/liver_GT_012.png
561,"../DATA/CT_data_batch1/8/DICOM_anon/i0031,0000b.dcm",../DATA/CT_data_batch1/8/Ground/liver_GT_031.png
562,"../DATA/CT_data_batch1/16/DICOM_anon/i0056,0000b.dcm",../DATA/CT_data_batch1/16/Ground/liver_GT_056.png
563,"../DATA/CT_data_batch1/10/DICOM_anon/i0018,0000b.dcm",../DATA/CT_data_batch1/10/Ground/liver_GT_018.png
564,"../DATA/CT_data_batch1/19/DICOM_anon/i0055,0000b.dcm",../DATA/CT_data_batch1/19/Ground/liver_GT_055.png
565,"../DATA/CT_data_batch1/10/DICOM_anon/i0057,0000b.dcm",../DATA/CT_data_batch1/10/Ground/liver_GT_057.png
566,"../DATA/CT_data_batch1/5/DICOM_anon/i0020,0000b.dcm",../DATA/CT_data_batch1/5/Ground/liver_GT_020.png
567,"../DATA/CT_data_batch1/6/DICOM_anon/i0050,0000b.dcm",../DATA/CT_data_batch1/6/Ground/liver_GT_050.png
568,"../DATA/CT_data_batch1/10/DICOM_anon/i0094,0000b.dcm",../DATA/CT_data_batch1/10/Ground/liver_GT_094.png
569,"../DATA/CT_data_batch1/1/DICOM_anon/i0058,0000b.dcm",../DATA/CT_data_batch1/1/Ground/liver_GT_058.png
570,"../DATA/CT_data_batch1/18/DICOM_anon/i0083,0000b.dcm",../DATA/CT_data_batch1/18/Ground/liver_GT_083.png
571,"../DATA/CT_data_batch1/1/DICOM_anon/i0062,0000b.dcm",../DATA/CT_data_batch1/1/Ground/liver_GT_062.png
572,"../DATA/CT_data_batch1/18/DICOM_anon/i0007,0000b.dcm",../DATA/CT_data_batch1/18/Ground/liver_GT_007.png
573,"../DATA/CT_data_batch1/18/DICOM_anon/i0035,0000b.dcm",../DATA/CT_data_batch1/18/Ground/liver_GT_035.png
574,"../DATA/CT_data_batch1/18/DICOM_anon/i0107,0000b.dcm",../DATA/CT_data_batch1/18/Ground/liver_GT_107.png
575,"../DATA/CT_data_batch1/5/DICOM_anon/i0093,0000b.dcm",../DATA/CT_data_batch1/5/Ground/liver_GT_093.png
576,"../DATA/CT_data_batch1/2/DICOM_anon/i0018,0000b.dcm",../DATA/CT_data_batch1/2/Ground/liver_GT_018.png
577,"../DATA/CT_data_batch1/10/DICOM_anon/i0089,0000b.dcm",../DATA/CT_data_batch1/10/Ground/liver_GT_089.png
578,"../DATA/CT_data_batch1/6/DICOM_anon/i0065,0000b.dcm",../DATA/CT_data_batch1/6/Ground/liver_GT_065.png
579,"../DATA/CT_data_batch1/14/DICOM_anon/i0074,0000b.dcm",../DATA/CT_data_batch1/14/Ground/liver_GT_074.png
580,"../DATA/CT_data_batch1/6/DICOM_anon/i0054,0000b.dcm",../DATA/CT_data_batch1/6/Ground/liver_GT_054.png
581,"../DATA/CT_data_batch1/2/DICOM_anon/i0067,0000b.dcm",../DATA/CT_data_batch1/2/Ground/liver_GT_067.png
582,"../DATA/CT_data_batch1/8/DICOM_anon/i0046,0000b.dcm",../DATA/CT_data_batch1/8/Ground/liver_GT_046.png
583,"../DATA/CT_data_batch1/16/DICOM_anon/i0034,0000b.dcm",../DATA/CT_data_batch1/16/Ground/liver_GT_034.png
584,"../DATA/CT_data_batch1/16/DICOM_anon/i0087,0000b.dcm",../DATA/CT_data_batch1/16/Ground/liver_GT_087.png
585,"../DATA/CT_data_batch1/2/DICOM_anon/i0076,0000b.dcm",../DATA/CT_data_batch1/2/Ground/liver_GT_076.png
586,"../DATA/CT_data_batch1/19/DICOM_anon/i0002,0000b.dcm",../DATA/CT_data_batch1/19/Ground/liver_GT_002.png
587,"../DATA/CT_data_batch1/8/DICOM_anon/i0022,0000b.dcm",../DATA/CT_data_batch1/8/Ground/liver_GT_022.png
588,"../DATA/CT_data_batch1/5/DICOM_anon/i0001,0000b.dcm",../DATA/CT_data_batch1/5/Ground/liver_GT_001.png
589,"../DATA/CT_data_batch1/2/DICOM_anon/i0001,0000b.dcm",../DATA/CT_data_batch1/2/Ground/liver_GT_001.png
590,"../DATA/CT_data_batch1/2/DICOM_anon/i0073,0000b.dcm",../DATA/CT_data_batch1/2/Ground/liver_GT_073.png
591,"../DATA/CT_data_batch1/5/DICOM_anon/i0038,0000b.dcm",../DATA/CT_data_batch1/5/Ground/liver_GT_038.png
592,"../DATA/CT_data_batch1/19/DICOM_anon/i0052,0000b.dcm",../DATA/CT_data_batch1/19/Ground/liver_GT_052.png
593,"../DATA/CT_data_batch1/18/DICOM_anon/i0012,0000b.dcm",../DATA/CT_data_batch1/18/Ground/liver_GT_012.png
594,"../DATA/CT_data_batch1/5/DICOM_anon/i0037,0000b.dcm",../DATA/CT_data_batch1/5/Ground/liver_GT_037.png
595,"../DATA/CT_data_batch1/19/DICOM_anon/i0073,0000b.dcm",../DATA/CT_data_batch1/19/Ground/liver_GT_073.png
596,"../DATA/CT_data_batch1/8/DICOM_anon/i0064,0000b.dcm",../DATA/CT_data_batch1/8/Ground/liver_GT_064.png
597,"../DATA/CT_data_batch1/8/DICOM_anon/i0065,0000b.dcm",../DATA/CT_data_batch1/8/Ground/liver_GT_065.png
598,"../DATA/CT_data_batch1/16/DICOM_anon/i0001,0000b.dcm",../DATA/CT_data_batch1/16/Ground/liver_GT_001.png
599,"../DATA/CT_data_batch1/10/DICOM_anon/i0067,0000b.dcm",../DATA/CT_data_batch1/10/Ground/liver_GT_067.png
600,"../DATA/CT_data_batch1/5/DICOM_anon/i0056,0000b.dcm",../DATA/CT_data_batch1/5/Ground/liver_GT_056.png
601,"../DATA/CT_data_batch1/8/DICOM_anon/i0049,0000b.dcm",../DATA/CT_data_batch1/8/Ground/liver_GT_049.png
602,"../DATA/CT_data_batch1/6/DICOM_anon/i0040,0000b.dcm",../DATA/CT_data_batch1/6/Ground/liver_GT_040.png
603,"../DATA/CT_data_batch1/1/DICOM_anon/i0042,0000b.dcm",../DATA/CT_data_batch1/1/Ground/liver_GT_042.png
604,"../DATA/CT_data_batch1/14/DICOM_anon/i0010,0000b.dcm",../DATA/CT_data_batch1/14/Ground/liver_GT_010.png
605,"../DATA/CT_data_batch1/6/DICOM_anon/i0051,0000b.dcm",../DATA/CT_data_batch1/6/Ground/liver_GT_051.png
606,"../DATA/CT_data_batch1/8/DICOM_anon/i0109,0000b.dcm",../DATA/CT_data_batch1/8/Ground/liver_GT_109.png
607,"../DATA/CT_data_batch1/19/DICOM_anon/i0022,0000b.dcm",../DATA/CT_data_batch1/19/Ground/liver_GT_022.png
608,"../DATA/CT_data_batch1/6/DICOM_anon/i0037,0000b.dcm",../DATA/CT_data_batch1/6/Ground/liver_GT_037.png
609,"../DATA/CT_data_batch1/16/DICOM_anon/i0090,0000b.dcm",../DATA/CT_data_batch1/16/Ground/liver_GT_090.png
610,"../DATA/CT_data_batch1/16/DICOM_anon/i0041,0000b.dcm",../DATA/CT_data_batch1/16/Ground/liver_GT_041.png
611,"../DATA/CT_data_batch1/8/DICOM_anon/i0103,0000b.dcm",../DATA/CT_data_batch1/8/Ground/liver_GT_103.png
612,"../DATA/CT_data_batch1/1/DICOM_anon/i0039,0000b.dcm",../DATA/CT_data_batch1/1/Ground/liver_GT_039.png
613,"../DATA/CT_data_batch1/8/DICOM_anon/i0108,0000b.dcm",../DATA/CT_data_batch1/8/Ground/liver_GT_108.png
614,"../DATA/CT_data_batch1/19/DICOM_anon/i0062,0000b.dcm",../DATA/CT_data_batch1/19/Ground/liver_GT_062.png
615,"../DATA/CT_data_batch1/5/DICOM_anon/i0030,0000b.dcm",../DATA/CT_data_batch1/5/Ground/liver_GT_030.png
616,"../DATA/CT_data_batch1/18/DICOM_anon/i0094,0000b.dcm",../DATA/CT_data_batch1/18/Ground/liver_GT_094.png
617,"../DATA/CT_data_batch1/10/DICOM_anon/i0053,0000b.dcm",../DATA/CT_data_batch1/10/Ground/liver_GT_053.png
618,"../DATA/CT_data_batch1/6/DICOM_anon/i0026,0000b.dcm",../DATA/CT_data_batch1/6/Ground/liver_GT_026.png
619,"../DATA/CT_data_batch1/10/DICOM_anon/i0044,0000b.dcm",../DATA/CT_data_batch1/10/Ground/liver_GT_044.png
620,"../DATA/CT_data_batch1/18/DICOM_anon/i0018,0000b.dcm",../DATA/CT_data_batch1/18/Ground/liver_GT_018.png
621,"../DATA/CT_data_batch1/2/DICOM_anon/i0046,0000b.dcm",../DATA/CT_data_batch1/2/Ground/liver_GT_046.png
622,"../DATA/CT_data_batch1/2/DICOM_anon/i0007,0000b.dcm",../DATA/CT_data_batch1/2/Ground/liver_GT_007.png
623,"../DATA/CT_data_batch1/2/DICOM_anon/i0070,0000b.dcm",../DATA/CT_data_batch1/2/Ground/liver_GT_070.png
624,"../DATA/CT_data_batch1/6/DICOM_anon/i0060,0000b.dcm",../DATA/CT_data_batch1/6/Ground/liver_GT_060.png
625,"../DATA/CT_data_batch1/14/DICOM_anon/i0020,0000b.dcm",../DATA/CT_data_batch1/14/Ground/liver_GT_020.png
626,"../DATA/CT_data_batch1/5/DICOM_anon/i0059,0000b.dcm",../DATA/CT_data_batch1/5/Ground/liver_GT_059.png
627,"../DATA/CT_data_batch1/2/DICOM_anon/i0048,0000b.dcm",../DATA/CT_data_batch1/2/Ground/liver_GT_048.png
628,"../DATA/CT_data_batch1/18/DICOM_anon/i0025,0000b.dcm",../DATA/CT_data_batch1/18/Ground/liver_GT_025.png
629,"../DATA/CT_data_batch1/6/DICOM_anon/i0006,0000b.dcm",../DATA/CT_data_batch1/6/Ground/liver_GT_006.png
630,"../DATA/CT_data_batch1/1/DICOM_anon/i0059,0000b.dcm",../DATA/CT_data_batch1/1/Ground/liver_GT_059.png
631,"../DATA/CT_data_batch1/5/DICOM_anon/i0022,0000b.dcm",../DATA/CT_data_batch1/5/Ground/liver_GT_022.png
632,"../DATA/CT_data_batch1/10/DICOM_anon/i0082,0000b.dcm",../DATA/CT_data_batch1/10/Ground/liver_GT_082.png
633,"../DATA/CT_data_batch1/16/DICOM_anon/i0026,0000b.dcm",../DATA/CT_data_batch1/16/Ground/liver_GT_026.png
634,"../DATA/CT_data_batch1/8/DICOM_anon/i0011,0000b.dcm",../DATA/CT_data_batch1/8/Ground/liver_GT_011.png
635,"../DATA/CT_data_batch1/8/DICOM_anon/i0041,0000b.dcm",../DATA/CT_data_batch1/8/Ground/liver_GT_041.png
636,"../DATA/CT_data_batch1/8/DICOM_anon/i0084,0000b.dcm",../DATA/CT_data_batch1/8/Ground/liver_GT_084.png
637,"../DATA/CT_data_batch1/18/DICOM_anon/i0039,0000b.dcm",../DATA/CT_data_batch1/18/Ground/liver_GT_039.png
638,"../DATA/CT_data_batch1/5/DICOM_anon/i0000,0000b.dcm",../DATA/CT_data_batch1/5/Ground/liver_GT_000.png
639,"../DATA/CT_data_batch1/2/DICOM_anon/i0005,0000b.dcm",../DATA/CT_data_batch1/2/Ground/liver_GT_005.png
640,"../DATA/CT_data_batch1/19/DICOM_anon/i0086,0000b.dcm",../DATA/CT_data_batch1/19/Ground/liver_GT_086.png
641,"../DATA/CT_data_batch1/8/DICOM_anon/i0025,0000b.dcm",../DATA/CT_data_batch1/8/Ground/liver_GT_025.png
642,"../DATA/CT_data_batch1/16/DICOM_anon/i0045,0000b.dcm",../DATA/CT_data_batch1/16/Ground/liver_GT_045.png
643,"../DATA/CT_data_batch1/18/DICOM_anon/i0086,0000b.dcm",../DATA/CT_data_batch1/18/Ground/liver_GT_086.png
644,"../DATA/CT_data_batch1/14/DICOM_anon/i0004,0000b.dcm",../DATA/CT_data_batch1/14/Ground/liver_GT_004.png
645,"../DATA/CT_data_batch1/2/DICOM_anon/i0056,0000b.dcm",../DATA/CT_data_batch1/2/Ground/liver_GT_056.png
646,"../DATA/CT_data_batch1/19/DICOM_anon/i0050,0000b.dcm",../DATA/CT_data_batch1/19/Ground/liver_GT_050.png
647,"../DATA/CT_data_batch1/8/DICOM_anon/i0017,0000b.dcm",../DATA/CT_data_batch1/8/Ground/liver_GT_017.png
648,"../DATA/CT_data_batch1/10/DICOM_anon/i0036,0000b.dcm",../DATA/CT_data_batch1/10/Ground/liver_GT_036.png
649,"../DATA/CT_data_batch1/8/DICOM_anon/i0077,0000b.dcm",../DATA/CT_data_batch1/8/Ground/liver_GT_077.png
650,"../DATA/CT_data_batch1/8/DICOM_anon/i0036,0000b.dcm",../DATA/CT_data_batch1/8/Ground/liver_GT_036.png
651,"../DATA/CT_data_batch1/5/DICOM_anon/i0083,0000b.dcm",../DATA/CT_data_batch1/5/Ground/liver_GT_083.png
652,"../DATA/CT_data_batch1/16/DICOM_anon/i0024,0000b.dcm",../DATA/CT_data_batch1/16/Ground/liver_GT_024.png
653,"../DATA/CT_data_batch1/5/DICOM_anon/i0043,0000b.dcm",../DATA/CT_data_batch1/5/Ground/liver_GT_043.png
654,"../DATA/CT_data_batch1/16/DICOM_anon/i0054,0000b.dcm",../DATA/CT_data_batch1/16/Ground/liver_GT_054.png
655,"../DATA/CT_data_batch1/2/DICOM_anon/i0053,0000b.dcm",../DATA/CT_data_batch1/2/Ground/liver_GT_053.png
656,"../DATA/CT_data_batch1/14/DICOM_anon/i0036,0000b.dcm",../DATA/CT_data_batch1/14/Ground/liver_GT_036.png
657,"../DATA/CT_data_batch1/2/DICOM_anon/i0052,0000b.dcm",../DATA/CT_data_batch1/2/Ground/liver_GT_052.png
658,"../DATA/CT_data_batch1/16/DICOM_anon/i0025,0000b.dcm",../DATA/CT_data_batch1/16/Ground/liver_GT_025.png
659,"../DATA/CT_data_batch1/19/DICOM_anon/i0082,0000b.dcm",../DATA/CT_data_batch1/19/Ground/liver_GT_082.png
660,"../DATA/CT_data_batch1/6/DICOM_anon/i0033,0000b.dcm",../DATA/CT_data_batch1/6/Ground/liver_GT_033.png
661,"../DATA/CT_data_batch1/2/DICOM_anon/i0043,0000b.dcm",../DATA/CT_data_batch1/2/Ground/liver_GT_043.png
662,"../DATA/CT_data_batch1/18/DICOM_anon/i0003,0000b.dcm",../DATA/CT_data_batch1/18/Ground/liver_GT_003.png
663,"../DATA/CT_data_batch1/5/DICOM_anon/i0066,0000b.dcm",../DATA/CT_data_batch1/5/Ground/liver_GT_066.png
664,"../DATA/CT_data_batch1/10/DICOM_anon/i0046,0000b.dcm",../DATA/CT_data_batch1/10/Ground/liver_GT_046.png
665,"../DATA/CT_data_batch1/14/DICOM_anon/i0084,0000b.dcm",../DATA/CT_data_batch1/14/Ground/liver_GT_084.png
666,"../DATA/CT_data_batch1/6/DICOM_anon/i0073,0000b.dcm",../DATA/CT_data_batch1/6/Ground/liver_GT_073.png
667,"../DATA/CT_data_batch1/2/DICOM_anon/i0049,0000b.dcm",../DATA/CT_data_batch1/2/Ground/liver_GT_049.png
668,"../DATA/CT_data_batch1/5/DICOM_anon/i0003,0000b.dcm",../DATA/CT_data_batch1/5/Ground/liver_GT_003.png
669,"../DATA/CT_data_batch1/1/DICOM_anon/i0004,0000b.dcm",../DATA/CT_data_batch1/1/Ground/liver_GT_004.png
670,"../DATA/CT_data_batch1/8/DICOM_anon/i0114,0000b.dcm",../DATA/CT_data_batch1/8/Ground/liver_GT_114.png
671,"../DATA/CT_data_batch1/19/DICOM_anon/i0065,0000b.dcm",../DATA/CT_data_batch1/19/Ground/liver_GT_065.png
672,"../DATA/CT_data_batch1/8/DICOM_anon/i0105,0000b.dcm",../DATA/CT_data_batch1/8/Ground/liver_GT_105.png
673,"../DATA/CT_data_batch1/10/DICOM_anon/i0069,0000b.dcm",../DATA/CT_data_batch1/10/Ground/liver_GT_069.png
674,"../DATA/CT_data_batch1/5/DICOM_anon/i0019,0000b.dcm",../DATA/CT_data_batch1/5/Ground/liver_GT_019.png
675,"../DATA/CT_data_batch1/1/DICOM_anon/i0019,0000b.dcm",../DATA/CT_data_batch1/1/Ground/liver_GT_019.png
676,"../DATA/CT_data_batch1/18/DICOM_anon/i0013,0000b.dcm",../DATA/CT_data_batch1/18/Ground/liver_GT_013.png
677,"../DATA/CT_data_batch1/2/DICOM_anon/i0028,0000b.dcm",../DATA/CT_data_batch1/2/Ground/liver_GT_028.png
678,"../DATA/CT_data_batch1/6/DICOM_anon/i0029,0000b.dcm",../DATA/CT_data_batch1/6/Ground/liver_GT_029.png
679,"../DATA/CT_data_batch1/10/DICOM_anon/i0043,0000b.dcm",../DATA/CT_data_batch1/10/Ground/liver_GT_043.png
680,"../DATA/CT_data_batch1/5/DICOM_anon/i0005,0000b.dcm",../DATA/CT_data_batch1/5/Ground/liver_GT_005.png
681,"../DATA/CT_data_batch1/8/DICOM_anon/i0071,0000b.dcm",../DATA/CT_data_batch1/8/Ground/liver_GT_071.png
682,"../DATA/CT_data_batch1/5/DICOM_anon/i0042,0000b.dcm",../DATA/CT_data_batch1/5/Ground/liver_GT_042.png
683,"../DATA/CT_data_batch1/10/DICOM_anon/i0016,0000b.dcm",../DATA/CT_data_batch1/10/Ground/liver_GT_016.png
684,"../DATA/CT_data_batch1/8/DICOM_anon/i0024,0000b.dcm",../DATA/CT_data_batch1/8/Ground/liver_GT_024.png
685,"../DATA/CT_data_batch1/19/DICOM_anon/i0078,0000b.dcm",../DATA/CT_data_batch1/19/Ground/liver_GT_078.png
686,"../DATA/CT_data_batch1/8/DICOM_anon/i0037,0000b.dcm",../DATA/CT_data_batch1/8/Ground/liver_GT_037.png
687,"../DATA/CT_data_batch1/10/DICOM_anon/i0056,0000b.dcm",../DATA/CT_data_batch1/10/Ground/liver_GT_056.png
688,"../DATA/CT_data_batch1/14/DICOM_anon/i0050,0000b.dcm",../DATA/CT_data_batch1/14/Ground/liver_GT_050.png
689,"../DATA/CT_data_batch1/18/DICOM_anon/i0070,0000b.dcm",../DATA/CT_data_batch1/18/Ground/liver_GT_070.png
690,"../DATA/CT_data_batch1/14/DICOM_anon/i0005,0000b.dcm",../DATA/CT_data_batch1/14/Ground/liver_GT_005.png
691,"../DATA/CT_data_batch1/16/DICOM_anon/i0080,0000b.dcm",../DATA/CT_data_batch1/16/Ground/liver_GT_080.png
692,"../DATA/CT_data_batch1/19/DICOM_anon/i0005,0000b.dcm",../DATA/CT_data_batch1/19/Ground/liver_GT_005.png
693,"../DATA/CT_data_batch1/8/DICOM_anon/i0092,0000b.dcm",../DATA/CT_data_batch1/8/Ground/liver_GT_092.png
694,"../DATA/CT_data_batch1/6/DICOM_anon/i0071,0000b.dcm",../DATA/CT_data_batch1/6/Ground/liver_GT_071.png
695,"../DATA/CT_data_batch1/18/DICOM_anon/i0067,0000b.dcm",../DATA/CT_data_batch1/18/Ground/liver_GT_067.png
696,"../DATA/CT_data_batch1/1/DICOM_anon/i0052,0000b.dcm",../DATA/CT_data_batch1/1/Ground/liver_GT_052.png
697,"../DATA/CT_data_batch1/10/DICOM_anon/i0083,0000b.dcm",../DATA/CT_data_batch1/10/Ground/liver_GT_083.png
698,"../DATA/CT_data_batch1/1/DICOM_anon/i0016,0000b.dcm",../DATA/CT_data_batch1/1/Ground/liver_GT_016.png
699,"../DATA/CT_data_batch1/1/DICOM_anon/i0049,0000b.dcm",../DATA/CT_data_batch1/1/Ground/liver_GT_049.png
700,"../DATA/CT_data_batch1/19/DICOM_anon/i0044,0000b.dcm",../DATA/CT_data_batch1/19/Ground/liver_GT_044.png
701,"../DATA/CT_data_batch1/14/DICOM_anon/i0043,0000b.dcm",../DATA/CT_data_batch1/14/Ground/liver_GT_043.png
702,"../DATA/CT_data_batch1/14/DICOM_anon/i0062,0000b.dcm",../DATA/CT_data_batch1/14/Ground/liver_GT_062.png
703,"../DATA/CT_data_batch1/2/DICOM_anon/i0002,0000b.dcm",../DATA/CT_data_batch1/2/Ground/liver_GT_002.png
704,"../DATA/CT_data_batch1/8/DICOM_anon/i0005,0000b.dcm",../DATA/CT_data_batch1/8/Ground/liver_GT_005.png
705,"../DATA/CT_data_batch1/10/DICOM_anon/i0006,0000b.dcm",../DATA/CT_data_batch1/10/Ground/liver_GT_006.png
706,"../DATA/CT_data_batch1/8/DICOM_anon/i0117,0000b.dcm",../DATA/CT_data_batch1/8/Ground/liver_GT_117.png
707,"../DATA/CT_data_batch1/8/DICOM_anon/i0075,0000b.dcm",../DATA/CT_data_batch1/8/Ground/liver_GT_075.png
708,"../DATA/CT_data_batch1/8/DICOM_anon/i0044,0000b.dcm",../DATA/CT_data_batch1/8/Ground/liver_GT_044.png
709,"../DATA/CT_data_batch1/6/DICOM_anon/i0014,0000b.dcm",../DATA/CT_data_batch1/6/Ground/liver_GT_014.png
710,"../DATA/CT_data_batch1/5/DICOM_anon/i0058,0000b.dcm",../DATA/CT_data_batch1/5/Ground/liver_GT_058.png
711,"../DATA/CT_data_batch1/18/DICOM_anon/i0000,0000b.dcm",../DATA/CT_data_batch1/18/Ground/liver_GT_000.png
712,"../DATA/CT_data_batch1/6/DICOM_anon/i0008,0000b.dcm",../DATA/CT_data_batch1/6/Ground/liver_GT_008.png
713,"../DATA/CT_data_batch1/16/DICOM_anon/i0029,0000b.dcm",../DATA/CT_data_batch1/16/Ground/liver_GT_029.png
714,"../DATA/CT_data_batch1/19/DICOM_anon/i0063,0000b.dcm",../DATA/CT_data_batch1/19/Ground/liver_GT_063.png
715,"../DATA/CT_data_batch1/14/DICOM_anon/i0029,0000b.dcm",../DATA/CT_data_batch1/14/Ground/liver_GT_029.png
716,"../DATA/CT_data_batch1/16/DICOM_anon/i0003,0000b.dcm",../DATA/CT_data_batch1/16/Ground/liver_GT_003.png
717,"../DATA/CT_data_batch1/2/DICOM_anon/i0013,0000b.dcm",../DATA/CT_data_batch1/2/Ground/liver_GT_013.png
718,"../DATA/CT_data_batch1/19/DICOM_anon/i0051,0000b.dcm",../DATA/CT_data_batch1/19/Ground/liver_GT_051.png
719,"../DATA/CT_data_batch1/6/DICOM_anon/i0005,0000b.dcm",../DATA/CT_data_batch1/6/Ground/liver_GT_005.png
720,"../DATA/CT_data_batch1/16/DICOM_anon/i0058,0000b.dcm",../DATA/CT_data_batch1/16/Ground/liver_GT_058.png
721,"../DATA/CT_data_batch1/5/DICOM_anon/i0054,0000b.dcm",../DATA/CT_data_batch1/5/Ground/liver_GT_054.png
722,"../DATA/CT_data_batch1/10/DICOM_anon/i0059,0000b.dcm",../DATA/CT_data_batch1/10/Ground/liver_GT_059.png
723,"../DATA/CT_data_batch1/8/DICOM_anon/i0116,0000b.dcm",../DATA/CT_data_batch1/8/Ground/liver_GT_116.png
724,"../DATA/CT_data_batch1/1/DICOM_anon/i0070,0000b.dcm",../DATA/CT_data_batch1/1/Ground/liver_GT_070.png
725,"../DATA/CT_data_batch1/8/DICOM_anon/i0068,0000b.dcm",../DATA/CT_data_batch1/8/Ground/liver_GT_068.png
726,"../DATA/CT_data_batch1/16/DICOM_anon/i0062,0000b.dcm",../DATA/CT_data_batch1/16/Ground/liver_GT_062.png
727,"../DATA/CT_data_batch1/18/DICOM_anon/i0060,0000b.dcm",../DATA/CT_data_batch1/18/Ground/liver_GT_060.png
728,"../DATA/CT_data_batch1/18/DICOM_anon/i0048,0000b.dcm",../DATA/CT_data_batch1/18/Ground/liver_GT_048.png
729,"../DATA/CT_data_batch1/6/DICOM_anon/i0017,0000b.dcm",../DATA/CT_data_batch1/6/Ground/liver_GT_017.png
730,"../DATA/CT_data_batch1/16/DICOM_anon/i0028,0000b.dcm",../DATA/CT_data_batch1/16/Ground/liver_GT_028.png
731,"../DATA/CT_data_batch1/2/DICOM_anon/i0016,0000b.dcm",../DATA/CT_data_batch1/2/Ground/liver_GT_016.png
732,"../DATA/CT_data_batch1/5/DICOM_anon/i0010,0000b.dcm",../DATA/CT_data_batch1/5/Ground/liver_GT_010.png
733,"../DATA/CT_data_batch1/8/DICOM_anon/i0089,0000b.dcm",../DATA/CT_data_batch1/8/Ground/liver_GT_089.png
734,"../DATA/CT_data_batch1/6/DICOM_anon/i0058,0000b.dcm",../DATA/CT_data_batch1/6/Ground/liver_GT_058.png
735,"../DATA/CT_data_batch1/5/DICOM_anon/i0049,0000b.dcm",../DATA/CT_data_batch1/5/Ground/liver_GT_049.png
736,"../DATA/CT_data_batch1/16/DICOM_anon/i0043,0000b.dcm",../DATA/CT_data_batch1/16/Ground/liver_GT_043.png
737,"../DATA/CT_data_batch1/18/DICOM_anon/i0074,0000b.dcm",../DATA/CT_data_batch1/18/Ground/liver_GT_074.png
738,"../DATA/CT_data_batch1/19/DICOM_anon/i0009,0000b.dcm",../DATA/CT_data_batch1/19/Ground/liver_GT_009.png
739,"../DATA/CT_data_batch1/19/DICOM_anon/i0031,0000b.dcm",../DATA/CT_data_batch1/19/Ground/liver_GT_031.png
740,"../DATA/CT_data_batch1/10/DICOM_anon/i0068,0000b.dcm",../DATA/CT_data_batch1/10/Ground/liver_GT_068.png
741,"../DATA/CT_data_batch1/18/DICOM_anon/i0031,0000b.dcm",../DATA/CT_data_batch1/18/Ground/liver_GT_031.png
742,"../DATA/CT_data_batch1/18/DICOM_anon/i0055,0000b.dcm",../DATA/CT_data_batch1/18/Ground/liver_GT_055.png
743,"../DATA/CT_data_batch1/14/DICOM_anon/i0063,0000b.dcm",../DATA/CT_data_batch1/14/Ground/liver_GT_063.png
744,"../DATA/CT_data_batch1/2/DICOM_anon/i0045,0000b.dcm",../DATA/CT_data_batch1/2/Ground/liver_GT_045.png
745,"../DATA/CT_data_batch1/8/DICOM_anon/i0038,0000b.dcm",../DATA/CT_data_batch1/8/Ground/liver_GT_038.png
746,"../DATA/CT_data_batch1/5/DICOM_anon/i0063,0000b.dcm",../DATA/CT_data_batch1/5/Ground/liver_GT_063.png
747,"../DATA/CT_data_batch1/18/DICOM_anon/i0017,0000b.dcm",../DATA/CT_data_batch1/18/Ground/liver_GT_017.png
748,"../DATA/CT_data_batch1/6/DICOM_anon/i0056,0000b.dcm",../DATA/CT_data_batch1/6/Ground/liver_GT_056.png
749,"../DATA/CT_data_batch1/10/DICOM_anon/i0086,0000b.dcm",../DATA/CT_data_batch1/10/Ground/liver_GT_086.png
750,"../DATA/CT_data_batch1/19/DICOM_anon/i0017,0000b.dcm",../DATA/CT_data_batch1/19/Ground/liver_GT_017.png
751,"../DATA/CT_data_batch1/19/DICOM_anon/i0012,0000b.dcm",../DATA/CT_data_batch1/19/Ground/liver_GT_012.png
752,"../DATA/CT_data_batch1/6/DICOM_anon/i0062,0000b.dcm",../DATA/CT_data_batch1/6/Ground/liver_GT_062.png
753,"../DATA/CT_data_batch1/1/DICOM_anon/i0002,0000b.dcm",../DATA/CT_data_batch1/1/Ground/liver_GT_002.png
754,"../DATA/CT_data_batch1/16/DICOM_anon/i0000,0000b.dcm",../DATA/CT_data_batch1/16/Ground/liver_GT_000.png
755,"../DATA/CT_data_batch1/19/DICOM_anon/i0064,0000b.dcm",../DATA/CT_data_batch1/19/Ground/liver_GT_064.png
756,"../DATA/CT_data_batch1/1/DICOM_anon/i0014,0000b.dcm",../DATA/CT_data_batch1/1/Ground/liver_GT_014.png
757,"../DATA/CT_data_batch1/8/DICOM_anon/i0042,0000b.dcm",../DATA/CT_data_batch1/8/Ground/liver_GT_042.png
758,"../DATA/CT_data_batch1/6/DICOM_anon/i0085,0000b.dcm",../DATA/CT_data_batch1/6/Ground/liver_GT_085.png
759,"../DATA/CT_data_batch1/16/DICOM_anon/i0065,0000b.dcm",../DATA/CT_data_batch1/16/Ground/liver_GT_065.png
760,"../DATA/CT_data_batch1/5/DICOM_anon/i0073,0000b.dcm",../DATA/CT_data_batch1/5/Ground/liver_GT_073.png
761,"../DATA/CT_data_batch1/14/DICOM_anon/i0057,0000b.dcm",../DATA/CT_data_batch1/14/Ground/liver_GT_057.png
762,"../DATA/CT_data_batch1/10/DICOM_anon/i0028,0000b.dcm",../DATA/CT_data_batch1/10/Ground/liver_GT_028.png
763,"../DATA/CT_data_batch1/16/DICOM_anon/i0059,0000b.dcm",../DATA/CT_data_batch1/16/Ground/liver_GT_059.png
764,"../DATA/CT_data_batch1/2/DICOM_anon/i0004,0000b.dcm",../DATA/CT_data_batch1/2/Ground/liver_GT_004.png
765,"../DATA/CT_data_batch1/14/DICOM_anon/i0065,0000b.dcm",../DATA/CT_data_batch1/14/Ground/liver_GT_065.png
766,"../DATA/CT_data_batch1/2/DICOM_anon/i0020,0000b.dcm",../DATA/CT_data_batch1/2/Ground/liver_GT_020.png
767,"../DATA/CT_data_batch1/8/DICOM_anon/i0002,0000b.dcm",../DATA/CT_data_batch1/8/Ground/liver_GT_002.png
768,"../DATA/CT_data_batch1/10/DICOM_anon/i0097,0000b.dcm",../DATA/CT_data_batch1/10/Ground/liver_GT_097.png
769,"../DATA/CT_data_batch1/18/DICOM_anon/i0058,0000b.dcm",../DATA/CT_data_batch1/18/Ground/liver_GT_058.png
770,"../DATA/CT_data_batch1/16/DICOM_anon/i0019,0000b.dcm",../DATA/CT_data_batch1/16/Ground/liver_GT_019.png
771,"../DATA/CT_data_batch1/10/DICOM_anon/i0000,0000b.dcm",../DATA/CT_data_batch1/10/Ground/liver_GT_000.png
772,"../DATA/CT_data_batch1/10/DICOM_anon/i0042,0000b.dcm",../DATA/CT_data_batch1/10/Ground/liver_GT_042.png
773,"../DATA/CT_data_batch1/5/DICOM_anon/i0082,0000b.dcm",../DATA/CT_data_batch1/5/Ground/liver_GT_082.png
774,"../DATA/CT_data_batch1/19/DICOM_anon/i0067,0000b.dcm",../DATA/CT_data_batch1/19/Ground/liver_GT_067.png
775,"../DATA/CT_data_batch1/1/DICOM_anon/i0000,0000b.dcm",../DATA/CT_data_batch1/1/Ground/liver_GT_000.png
776,"../DATA/CT_data_batch1/18/DICOM_anon/i0066,0000b.dcm",../DATA/CT_data_batch1/18/Ground/liver_GT_066.png
777,"../DATA/CT_data_batch1/2/DICOM_anon/i0038,0000b.dcm",../DATA/CT_data_batch1/2/Ground/liver_GT_038.png
778,"../DATA/CT_data_batch1/18/DICOM_anon/i0011,0000b.dcm",../DATA/CT_data_batch1/18/Ground/liver_GT_011.png
779,"../DATA/CT_data_batch1/5/DICOM_anon/i0015,0000b.dcm",../DATA/CT_data_batch1/5/Ground/liver_GT_015.png
780,"../DATA/CT_data_batch1/10/DICOM_anon/i0071,0000b.dcm",../DATA/CT_data_batch1/10/Ground/liver_GT_071.png
781,"../DATA/CT_data_batch1/2/DICOM_anon/i0039,0000b.dcm",../DATA/CT_data_batch1/2/Ground/liver_GT_039.png
782,"../DATA/CT_data_batch1/10/DICOM_anon/i0035,0000b.dcm",../DATA/CT_data_batch1/10/Ground/liver_GT_035.png
783,"../DATA/CT_data_batch1/19/DICOM_anon/i0049,0000b.dcm",../DATA/CT_data_batch1/19/Ground/liver_GT_049.png
